StartDate,EndDate,Status,IPAddress,Progress,Duration (in seconds),Finished,RecordedDate,ResponseId,RecipientLastName,RecipientFirstName,RecipientEmail,ExternalReference,LocationLatitude,LocationLongitude,DistributionChannel,UserLanguage,ignored,excluded,belonged,mc_percent_ball,aas_happy,aas_anxious,aas_pleased,aas_angry,aas_frustrated,aas_depressed,aas_joyful,aas_unhappy,aas_enjoyment,aas_peaceful,aas_bored,aas_relaxed,n_tasks,SC2,start_value,current_total,base_pay,total_pay,code,total_bonus,dummy_var,total_correct,workerId,hitId,assignmentId,condition,play_for,min_bonus,max_bonus,bonus_1,bonus_2,condition_int,ignored_mstrength,excluded_mstrength,belonged_mstrength,missed_tasks,prop_tasks
8/6/18 15:28,8/6/18 15:34,IP Address,173.26.103.49,100,364,TRUE,8/6/18 15:34,R_10oyq8Z3a63efui,NA,NA,NA,NA,37.17019653,-93.32969666,anonymous,EN,5,5,1,5,1,1,1,3,2,1,1,3,1,1,3,1,9,3,5,56,1,1.14,B14,0.14,TRUE,9,A1ZT30BGR3266K,38F60IALAGYOLMYBPABGWXXXWMIT0L,3NVC2EB65RHJ5KUV85L0UWI74PA3YQ,Excluded,Self,0.01,0.25,0.12,0.02,1,1,1,5,91,0.09
8/6/18 15:27,8/6/18 15:34,IP Address,69.85.215.113,100,435,TRUE,8/6/18 15:34,R_ZCsV8Sa1AqXmxnb,NA,NA,NA,NA,30.69659424,-88.17369843,anonymous,EN,3,3,2,20,4,4,3,3,5,3,2,6,2,2,5,4,22,8,5,110,1,1.14,B14,0.14,TRUE,21,A3UK4IH1X64TYH,3HA5ODM5KA93ZNMC37UF7LR1OZHVSQ,31Q0U3WYDQX4GXKFYSHHTQJD26N17V,Included,Self,0.01,0.25,0.12,0.02,0,3,3,2,78,0.22
8/6/18 15:29,8/6/18 15:35,IP Address,75.13.139.146,100,336,TRUE,8/6/18 15:35,R_1FzfkGA4BEyktvS,NA,NA,NA,NA,38.56469727,-90.53569794,anonymous,EN,5,5,1,5,3,2,2,1,3,1,1,2,1,2,3,2,8,3,5,52,1,1.14,B14,0.42,TRUE,7,A1PZ1YZAQEXRSQ,3HA5ODM5KA93ZNMC37UF7LR1OZHVSQ,3M0NZ3JDP2GMOPR4IABCN0PTOF5Z53,Excluded,Team,0.03,0.75,0.36,0.06,1,1,1,5,92,0.08
8/6/18 15:28,8/6/18 15:35,IP Address,209.6.78.249,100,431,TRUE,8/6/18 15:35,R_1eLf3bbg3zVnOVT,NA,NA,NA,NA,42.34840393,-71.15509796,anonymous,EN,5,5,1,5,1,6,1,3,6,3,1,6,1,1,3,1,13,3,5,60,1,1.14,B14,0.14,TRUE,13,A2QCHFSNUU7Y1F,3HA5ODM5KA93ZNMC37UF7LR1OZHVSQ,34YB12FSQZ6K5FH5KH49JVK9ZK1MGR,Excluded,Self,0.01,0.25,0.12,0.02,1,1,1,5,87,0.13
8/6/18 15:29,8/6/18 15:37,IP Address,216.195.101.20,100,464,TRUE,8/6/18 15:37,R_3GrlZLCh1MPRhfO,NA,NA,NA,NA,32.70069885,-97.38780212,anonymous,EN,1,1,1,1,1,1,1,1,4,1,1,4,1,2,7,2,34,11,5,737,1,1.14,B14,0.14,TRUE,31,A221L64A30LW7Z,3HA5ODM5KA93ZNMC37UF7LR1OZHVSQ,333U7HK6IAXRSN1TFUQ9XIPVIYQDJ4,Excluded,Self,0.01,0.25,0.12,0.02,1,5,5,5,66,0.34
8/6/18 15:28,8/6/18 15:37,IP Address,71.75.33.217,100,515,TRUE,8/6/18 15:37,R_SE2enahefME5QuR,NA,NA,NA,NA,35.46470642,-81.57620239,anonymous,EN,1,1,5,30,5,1,4,1,1,1,2,1,5,6,1,5,12,15,5,71,1,1.14,B14,0.42,TRUE,12,A3EJ44J2ZNRMDA,38F60IALAGYOLMYBPABGWXXXWMIT0L,31HQ4X3T3TS3P28BF5XB8WONNQ5LS8,Included,Team,0.03,0.75,0.36,0.06,0,1,1,5,88,0.12
8/6/18 15:30,8/6/18 15:38,IP Address,85.97.186.121,100,476,TRUE,8/6/18 15:38,R_2cpj3Pv4rNy6Cq5,NA,NA,NA,NA,41.01860046,28.96470642,anonymous,EN,4,4,2,20,2,5,2,5,4,5,1,6,2,2,7,3,28,6,5,144,1,1.14,B14,0.42,TRUE,27,ACGZDI611LU0I,3HA5ODM5KA93ZNMC37UF7LR1OZHVSQ,3P4MQ7TPPYUSV75XD6MM44II785BBA,Included,Team,0.03,0.75,0.36,0.06,0,4,4,2,72,0.28
8/6/18 15:28,8/6/18 15:41,IP Address,73.241.251.89,100,828,TRUE,8/6/18 15:41,R_1hNehk23D0XT7Xt,NA,NA,NA,NA,37.769104,-122.4449005,anonymous,EN,5,5,1,3,1,6,2,6,7,7,1,7,1,1,5,2,14,3,5,58,1,1.14,B14,0.42,TRUE,13,AOBTFLJU2BEPR,38F60IALAGYOLMYBPABGWXXXWMIT0L,3OE22WJIGJ6UVCGSWF074J55ITDQUI,Excluded,Team,0.03,0.75,0.36,0.06,1,1,1,5,86,0.14
8/6/18 15:36,8/6/18 15:49,IP Address,107.170.54.54,100,774,TRUE,8/6/18 15:49,R_2f80WzF6WXJIXK2,NA,NA,NA,NA,40.72140503,-74.00520325,anonymous,EN,5,5,1,1,1,4,1,1,6,6,1,7,1,1,3,4,17,3,5,80,1,1.14,B14,0.14,TRUE,17,A2SY2N44N1RWVA,3HA5ODM5KA93ZNMC37UF7LR1OZHVSQ,3LO69W1SU4V0ZXZKK53UJI5KZFBGLJ,Excluded,Self,0.01,0.25,0.12,0.02,1,1,1,5,83,0.17
8/6/18 15:42,8/6/18 15:50,IP Address,73.11.242.150,100,448,TRUE,8/6/18 15:50,R_1ocM3jxxGMDhMvK,NA,NA,NA,NA,47.0256958,-122.7966995,anonymous,EN,2,2,4,25,3,2,4,1,1,1,1,1,3,3,3,4,10,12,5,47,1,1.14,B14,0.42,TRUE,10,A1IFF4KV23FGHJ,38F60IALAGYOLMYBPABGWXXXWMIT0L,3TMFV4NEP9W1HC515LY80G529368WS,Included,Team,0.03,0.75,0.36,0.06,0,2,2,4,90,0.1
8/6/18 15:46,8/6/18 15:57,IP Address,71.221.145.90,100,650,TRUE,8/6/18 15:57,R_12yBzLFpET21N6l,NA,NA,NA,NA,32.25680542,-96.0821991,anonymous,EN,4,4,2,1,6,1,4,1,1,1,NA,NA,NA,NA,NA,NA,10,6,5,48,1,1.14,B14,0.14,TRUE,10,AADRVG2QVZH75,3HA5ODM5KA93ZNMC37UF7LR1OZHVSQ,34J10VATJGGPMLLS2YBTLGHUOYQIQ2,Excluded,Self,0.01,0.25,0.12,0.02,1,2,2,4,90,0.1
8/6/18 16:03,8/6/18 16:15,IP Address,192.251.13.62,100,681,TRUE,8/6/18 16:15,R_1k0S1kxU4cxiPKK,NA,NA,NA,NA,40.15449524,-75.38089752,anonymous,EN,5,5,1,0,1,7,1,2,6,3,1,7,1,3,4,3,73,3,5,331,1,1.14,B14,0.14,TRUE,73,A88DXNDGDUWEN,38F60IALAGYOLMYBPABGWXXXWMIT0L,3AUQQEL7U6B6KY0TK7GXLZG6JWUV0K,Excluded,Self,0.01,0.25,0.12,0.02,1,1,1,5,27,0.73
8/6/18 16:30,8/6/18 16:45,IP Address,73.184.22.124,100,911,TRUE,8/6/18 16:45,R_2cnhZd1WMbZBJHj,NA,NA,NA,NA,33.91879272,-84.06780243,anonymous,EN,1,1,1,34,6,2,6,1,2,1,5,2,6,7,3,5,36,11,5,163,1,1.14,B14,0.42,TRUE,36,A95RHRMLHT89M,38F60IALAGYOLMYBPABGWXXXWMIT0L,3VFJCI1K40HB2VUXPP0Q5UEJ570GR9,Included,Team,0.03,0.75,0.36,0.06,0,1,1,1,64,0.36
8/7/18 7:41,8/7/18 7:45,IP Address,96.244.50.217,100,265,TRUE,8/7/18 7:45,R_1eyDdZmQyKCj4Sf,NA,NA,NA,NA,39.26939392,-76.74469757,anonymous,EN,5,5,4,10,2,6,2,7,6,6,2,5,1,2,5,2,18,6,5,74,1,1.14,B14,0.14,TRUE,18,A1W4Q0E00VP6VD,391JB9X4ZYPMLHFVK6KMT3HEGDZKMQ,3OWEPKL08AU7U4R43FFFQXWG5BXN72,Excluded,Self,0.01,0.25,0.12,0.02,1,1,1,2,82,0.18
8/7/18 7:44,8/7/18 7:48,IP Address,100.38.206.123,100,212,TRUE,8/7/18 7:48,R_42x3i70sL8lFnGh,NA,NA,NA,NA,40.59579468,-74.15249634,anonymous,EN,5,5,1,10,7,1,7,1,1,1,7,1,7,7,1,4,1,3,5,6,1,1,B0,0,TRUE,1,A1LVKTQYZPUKTL,3HXK2V1N4KWRCRFJKXGNG2BN3R12GE,33F859I567V2MK8JDYWIQFLG2PGHBA,Excluded,Team,0.03,0.75,0.36,0.06,1,1,1,5,99,0.01
8/7/18 7:41,8/7/18 7:50,IP Address,96.86.30.97,100,512,TRUE,8/7/18 7:50,R_1qdJgeFoOpFgqLK,NA,NA,NA,NA,39.05029297,-76.82489777,anonymous,EN,4,4,3,20,6,1,6,1,2,1,6,NA,NA,NA,NA,NA,11,7,5,60,1,1.14,B14,0.42,TRUE,11,A10XK0DWEXO5BY,3JVP4ZJHDP9YC8I0VYCCIQVOL69I02,30OG32W0SVTS3J6EQNTLW7OXRY1NEO,Included,Team,0.03,0.75,0.36,0.06,0,4,4,3,89,0.11
8/7/18 7:43,8/7/18 7:50,IP Address,71.224.221.126,100,383,TRUE,8/7/18 7:50,R_2ClclifmWK0Resm,NA,NA,NA,NA,40.09179688,-75.2562027,anonymous,EN,3,3,2,20,1,1,1,2,2,1,1,2,1,2,2,2,20,8,5,114,1,1.14,B14,0.14,TRUE,20,A3IP6UCY1JIIHV,3JVP4ZJHDP9YC8I0VYCCIQVOL69I02,3CN4LGXD5Y64NGDZ8JQJ41ADITC4YQ,Included,Self,0.01,0.25,0.12,0.02,0,3,3,2,80,0.2
8/7/18 7:44,8/7/18 7:51,IP Address,74.105.29.153,100,402,TRUE,8/7/18 7:51,R_3ly41NLnHImMBvd,NA,NA,NA,NA,40.92619324,-74.0381012,anonymous,EN,3,2,3,20,2,5,2,4,5,5,1,5,2,2,3,2,19,10,5,75,1,1.14,B14,0.14,TRUE,19,A2MPW5P3ERJCN0,3HXK2V1N4KWRCRFJKXGNG2BN3R12GE,38BQUHLA9XI8XSY380HHO4TBQAYOMU,Included,Self,0.01,0.25,0.12,0.02,0,3,2,3,81,0.19
8/7/18 7:45,8/7/18 7:52,IP Address,108.59.48.2,100,392,TRUE,8/7/18 7:52,R_334h0sYh7DPbpWr,NA,NA,NA,NA,39.7723999,-86.16000366,anonymous,EN,1,1,3,33,5,2,6,2,2,2,6,2,6,6,2,5,10,13,5,50,1,1.14,B14,0.14,TRUE,10,A3BL2ZEODD79AZ,3AXFSPQOYQFL4NHWGYGXXYXS4NNFJF,33M4IA01QHJMOHPNEZ0UTGEE811RXP,Included,Self,0.01,0.25,0.12,0.02,0,1,1,3,90,0.1
8/7/18 7:44,8/7/18 7:52,IP Address,107.77.227.157,100,472,TRUE,8/7/18 7:52,R_C7j5mzBG08kMaqJ,NA,NA,NA,NA,33.88169861,-118.1170044,anonymous,EN,2,2,3,15,7,1,7,1,2,1,6,1,7,5,1,4,22,11,5,108,1,1.14,B14,0.42,TRUE,22,A2PDDOU75JXTN7,3JU8CV4BRLTBWBXNAE47HOSI5NKOPA,3VNL7UK1XG1I4ABUIUZ3NOFPSH3TFE,Included,Team,0.03,0.75,0.36,0.06,0,2,2,3,78,0.22
8/7/18 7:44,8/7/18 7:52,IP Address,68.60.242.135,100,501,TRUE,8/7/18 7:52,R_27jRvsHh1PUxHUH,NA,NA,NA,NA,40.4763031,-86.95709991,anonymous,EN,5,5,5,2,1,1,1,2,2,3,1,NA,NA,NA,NA,NA,16,7,5,88,1,1.14,B14,0.42,TRUE,16,A2DD2ATWGPRO36,3ABAOCJ4R8L8WKDQXB4JPPTNFJRMQK,3OONKJ5DKD1CE1U6HBR8AOIHEBUBOS,Excluded,Team,0.03,0.75,0.36,0.06,1,1,1,1,84,0.16
8/7/18 7:49,8/7/18 7:57,IP Address,75.88.113.181,100,468,TRUE,8/7/18 7:57,R_12a8X07XlOnyAlR,NA,NA,NA,NA,37.98869324,-84.48799896,anonymous,EN,5,5,1,1,4,3,5,1,3,1,1,3,1,5,1,7,9,3,5,56,1,1.14,B14,0.42,TRUE,9,A1MTRZDRKNB9GV,3O2Y2UIUCQBGF7NEYJG9YDX5JCNFKE,3DZQRBDBSMXM9YIM9ZTBCAU6N8L3SR,Excluded,Team,0.03,0.75,0.36,0.06,1,1,1,5,91,0.09
8/7/18 7:56,8/7/18 8:03,IP Address,147.0.124.158,100,428,TRUE,8/7/18 8:03,R_RESVPvdKMcjYL7z,NA,NA,NA,NA,40.0532074,-83.02200317,anonymous,EN,5,5,1,1,2,1,1,1,5,1,1,2,1,4,3,5,18,3,5,100,1,1.14,B14,0.14,TRUE,18,A2J7XOAS72YN0,3K3IX1W4S68MU73M0VZPGT8DG6GAPX,3MYYFCXHJ4P41PSZED4DX139DXOG46,Excluded,Self,0.01,0.25,0.12,0.02,1,1,1,5,82,0.18
8/7/18 7:59,8/7/18 8:08,IP Address,128.147.28.1,100,541,TRUE,8/7/18 8:08,R_1IXynZQCydUazAJ,NA,NA,NA,NA,40.43099976,-79.92269897,anonymous,EN,5,5,1,5,1,6,1,5,6,5,1,6,1,1,7,1,25,3,5,121,1,1.14,B14,0.14,TRUE,25,A26JIHKBORI9X,3MXX6RQ9EVM7SIN5RUPY3QMDOWK4PG,3ZPBJO59KQJV1H63RUNOL59G5AUHDJ,Excluded,Self,0.01,0.25,0.12,0.02,1,1,1,5,75,0.25
8/7/18 7:57,8/7/18 8:10,IP Address,24.46.45.165,100,774,TRUE,8/7/18 8:10,R_2y1P5Efqw9R49mP,NA,NA,NA,NA,40.58329773,-73.9240036,anonymous,EN,2,1,3,30,5,2,6,1,1,1,6,1,7,5,1,6,23,12,5,112,1,1.14,B14,0.42,TRUE,23,A21DPR9K4T7R3D,3QREJ3J433E2FZXAKUJ7TQ2PG89KLO,3GLB5JMZFYDH1LBS7O5605XFQAHGDJ,Included,Team,0.03,0.75,0.36,0.06,0,2,1,3,77,0.23
8/7/18 22:00,8/7/18 22:08,IP Address,98.195.208.175,100,441,TRUE,8/7/18 22:08,R_USHCgkK9RRuKYEN,NA,NA,NA,NA,29.54469299,-95.33699799,anonymous,EN,1,1,3,50,5,3,5,1,2,2,6,2,5,5,2,5,21,13,5,110,1,1.14,B14,0.14,TRUE,21,A2YFLGU51ST022,356ZPKYPUHYNQP1PG1D5JFQKJZJPYQ,3IGI0VL6482EFAJ3K1WH1JIBV6AON8,Included,Self,0.01,0.25,0.12,0.02,0,1,1,3,79,0.21
8/7/18 22:02,8/7/18 22:08,IP Address,157.51.246.136,100,376,TRUE,8/7/18 22:08,R_3MQMmXKGfc61v9T,NA,NA,NA,NA,13.08329773,80.28329468,anonymous,EN,2,4,3,50,6,2,6,2,2,2,6,2,6,6,2,2,1,9,5,5,1,1,B0,0,TRUE,0,A35F2841BY4XB4,356ZPKYPUHYNQP1PG1D5JFQKJZJPYQ,3ZAZR5XV0207NA0JXKYK16V3G6ZZC3,Excluded,Team,0.03,0.75,0.36,0.06,1,4,2,3,99,0.01
8/7/18 22:00,8/7/18 22:08,IP Address,68.193.24.142,100,505,TRUE,8/7/18 22:08,R_3MtVWaLCgV0ZeNF,NA,NA,NA,NA,40.67599487,-73.96289825,anonymous,EN,2,2,3,33,3,1,3,1,1,2,1,1,2,3,1,3,22,11,5,109,1,1.14,B14,0.42,TRUE,22,A58QOLDFC179Q,3XAOZ9UYRZ8B0VR14PLL5X5KHAWQ1K,3018Q3ZVOJ8AS4HU3P8G983G7MVRA0,Included,Team,0.03,0.75,0.36,0.06,0,2,2,3,78,0.22
8/7/18 22:01,8/7/18 22:15,IP Address,66.66.25.64,100,887,TRUE,8/7/18 22:15,R_T5WmguOTML3oxEt,NA,NA,NA,NA,43.21899414,-77.5565033,anonymous,EN,5,5,1,3,1,1,1,3,4,1,1,3,1,5,5,6,17,3,5,99,1,1.14,B14,0.42,TRUE,17,A15PUZKRWJH0EY,3JMQI2OLFZMKPTUL4QDZ25BO1WCNDK,38F71OA9GUEERFLA9XYR1AKXYF9MFK,Excluded,Team,0.03,0.75,0.36,0.06,1,1,1,5,83,0.17
8/7/18 22:07,8/7/18 22:15,IP Address,107.211.221.164,100,484,TRUE,8/7/18 22:15,R_1DJ3umGMbhIwiPb,NA,NA,NA,NA,30.84359741,-90.06300354,anonymous,EN,1,1,4,28,5,1,6,1,1,1,4,1,6,6,1,5,13,14,5,63,1,1.14,B14,0.14,TRUE,13,ADYMIMV1PE14V,3DIIW4IV8PCFBW01EZZEUTL12KPI4M,3S0TNUHWKU02865AOQTI8SGH2X5D8D,Included,Self,0.01,0.25,0.12,0.02,0,1,1,4,87,0.13
8/7/18 22:04,8/7/18 22:17,IP Address,76.84.54.250,100,765,TRUE,8/7/18 22:17,R_3hrtXtVsUXlIpdJ,NA,NA,NA,NA,40.77960205,-96.70010376,anonymous,EN,1,1,3,30,4,2,3,1,1,1,2,1,2,4,2,5,33,13,5,161,1,1.14,B14,0.14,TRUE,33,A1CBYZKP5BXY0S,3VP28W7DUN1B42M0YKJJLSLINN0FZ4,3EG49X351VUT2YR3MBXWILNICKR6XM,Included,Self,0.01,0.25,0.12,0.02,0,1,1,3,67,0.33
8/7/18 22:10,8/7/18 22:17,IP Address,174.69.192.73,100,438,TRUE,8/7/18 22:17,R_2zo0IBPLh1x2SXG,NA,NA,NA,NA,30.28529358,-91.79869843,anonymous,EN,5,5,1,0,4,2,2,5,5,2,2,4,2,2,5,2,6,3,5,33,1,1.14,B14,0.42,TRUE,6,A1X7U5BFKLR8QV,3XT3KXP24ZFTQJ4FXNSTRR5FYBVI67,3Y5140Z9DYY4M9KD2LW4LBRKJCDIP4,Excluded,Team,0.03,0.75,0.36,0.06,1,1,1,5,94,0.06
8/7/18 22:11,8/7/18 22:19,IP Address,68.46.36.117,100,437,TRUE,8/7/18 22:19,R_2pJEPNBTZ5hOv81,NA,NA,NA,NA,45.16520691,-93.18890381,anonymous,EN,2,2,3,25,3,2,3,2,2,2,2,3,3,3,4,3,11,11,5,50,1,1.14,B14,0.14,TRUE,10,A1BHW4QNL2D9EF,356ZPKYPUHYNQP1PG1D5JFQKJZJPYQ,3MD9PLUKKJWQEEXAMA7YHHPFFAENZA,Included,Self,0.01,0.25,0.12,0.02,0,2,2,3,89,0.11
8/7/18 22:08,8/7/18 22:21,IP Address,73.66.56.180,100,761,TRUE,8/7/18 22:21,R_20V5H2CZkZsKbJL,NA,NA,NA,NA,38.69259644,-121.2689972,anonymous,EN,5,5,1,5,2,5,2,7,7,7,1,6,1,1,7,2,34,3,5,152,1,1.14,B14,0.42,TRUE,34,A2PK2JP60TTO7N,3Y7LTZE0YT30NKJQT9EI7SMLXAFZUN,3YOH7BII0AP8XO7XO0QF4JVFX43KV2,Excluded,Team,0.03,0.75,0.36,0.06,1,1,1,5,66,0.34
8/7/18 22:15,8/7/18 22:21,IP Address,63.143.237.24,100,336,TRUE,8/7/18 22:21,R_XBvgVsrHzpJwjcZ,NA,NA,NA,NA,40.91209412,-74.17479706,anonymous,EN,4,5,1,10,1,1,1,2,2,1,1,2,1,1,4,1,10,4,5,40,1,1.14,B14,0.42,TRUE,8,A2NM1PIE9HN066,3CKVGCS3PGMN6MLW0A6QMS1BU6BS08,30ZX6P7VF9D4PD3DI56S1ZYRLHB2JE,Excluded,Team,0.03,0.75,0.36,0.06,1,2,1,5,90,0.1
8/7/18 22:20,8/7/18 22:29,IP Address,97.127.212.63,100,563,TRUE,8/7/18 22:29,R_3kHvQMYRPlQVe33,NA,NA,NA,NA,41.53250122,-90.6631012,anonymous,EN,1,1,1,33,5,2,5,1,1,1,5,2,6,6,2,2,13,11,5,62,1,1.14,B14,0.14,TRUE,13,A1CW30JQN12CIN,3GVPRXWRPHBCUJIKGXXLX55BTMFI76,30BUDKLTXEDODU08MNXZ2QOB0J7E57,Included,Self,0.01,0.25,0.12,0.02,0,1,1,1,87,0.13
8/7/18 22:25,8/7/18 22:33,IP Address,73.8.31.144,100,486,TRUE,8/7/18 22:33,R_6LH7ZRHbMVhHog9,NA,NA,NA,NA,41.60450745,-87.99559784,anonymous,EN,1,1,5,30,6,1,6,1,1,1,4,1,6,6,1,7,19,15,5,103,1,1.14,B14,0.14,TRUE,19,A3D1VTLX623K6I,3XAOZ9UYRZ8B0VR14PLL5X5KHAWQ1K,3JNQLM5FT54AK3RDLQI5HEBJP6F2LF,Included,Self,0.01,0.25,0.12,0.02,0,1,1,5,81,0.19
8/7/18 22:25,8/7/18 22:37,IP Address,162.213.78.146,100,712,TRUE,8/7/18 22:37,R_2qx8ABHs5TJkkK9,NA,NA,NA,NA,45.5144043,-122.6432953,anonymous,EN,5,5,1,1,1,2,1,4,3,3,1,5,1,2,7,2,10,3,5,54,1,1.14,B14,0.42,TRUE,10,A24OLUF1T5K39G,3FDWKV9VCNJ0ODK7EKOOZQQCI6XUM1,3RANCT1ZVGZ7R6E3DX3H9UA6W3OBUN,Excluded,Team,0.03,0.75,0.36,0.06,1,1,1,5,90,0.1
8/7/18 22:34,8/7/18 22:46,IP Address,107.77.210.186,100,683,TRUE,8/7/18 22:46,R_2Qo2i0PbLh48DfY,NA,NA,NA,NA,41.84829712,-87.65170288,anonymous,EN,4,5,1,5,4,1,4,NA,NA,NA,NA,NA,NA,NA,NA,NA,20,4,5,104,1,1.14,B14,0.14,TRUE,20,A3ZRS4RUCH2OO,3FDWKV9VCNJ0ODK7EKOOZQQCI6XUM1,3JCG6DTRV4823J9BF6G2UI8GFIKQQA,Excluded,Self,0.01,0.25,0.12,0.02,1,2,1,5,80,0.2
8/7/18 22:40,8/7/18 22:54,IP Address,74.197.71.231,100,864,TRUE,8/7/18 22:54,R_1Dpsvaqp1TIucUG,NA,NA,NA,NA,31.26669312,-100.4243011,anonymous,EN,1,1,4,40,4,2,4,2,2,2,4,2,4,5,4,4,93,14,5,407,1,1.14,B14,0.42,TRUE,93,A3PX0OPH41ZSH0,3O2Y2UIUCQBGF7NEYJG9YDX5JENKFN,3T111IHZ5F8WNL7PBJUGDDSW14J9R9,Included,Team,0.03,0.75,0.36,0.06,0,1,1,4,7,0.93
8/7/18 22:49,8/7/18 22:57,IP Address,64.53.248.77,100,471,TRUE,8/7/18 22:57,R_1qdLpig8DgIlv6c,NA,NA,NA,NA,42.0092926,-88.09259796,anonymous,EN,3,3,2,2,3,3,3,4,4,3,3,4,3,4,4,3,11,8,5,56,1,1.14,B14,0.14,TRUE,11,AOJJK61F8QF22,3UAU495MII9OOG5JR031RUFHD6CUOG,3LEP4MGT3HILA43HR2DSZU6IA3VBDF,Excluded,Self,0.01,0.25,0.12,0.02,1,3,3,4,89,0.11
8/7/18 22:51,8/7/18 23:00,IP Address,76.115.80.243,100,541,TRUE,8/7/18 23:00,R_2SxbBxCmrbN5Y5r,NA,NA,NA,NA,44.84190369,-123.0886002,anonymous,EN,3,3,2,18,5,2,4,NA,NA,NA,NA,NA,NA,NA,NA,NA,11,8,5,57,1,1.14,B14,0.42,TRUE,11,AYO59C394ZYIZ,3XAOZ9UYRZ8B0VR14PLL5X5KHAWQ1K,3JMSRU9HQJC5BOFNSEFC6OIAD7CEVH,Included,Team,0.03,0.75,0.36,0.06,0,3,3,2,89,0.11
8/7/18 22:53,8/7/18 23:02,IP Address,67.199.183.3,100,549,TRUE,8/7/18 23:02,R_27rK6jC23xsREMS,NA,NA,NA,NA,40.02780151,-111.5547028,anonymous,EN,5,5,1,2,4,2,3,1,1,1,3,1,3,2,2,3,26,3,5,138,1,1.14,B14,0.14,TRUE,26,A3TKHMWW3PCU7F,3IWA71V4TIXQGETAW9SUU1SUMOZX6M,3N2BF7Y2VRCY5BCG4NMR4VWAEUSHMJ,Excluded,Self,0.01,0.25,0.12,0.02,1,1,1,5,74,0.26
8/7/18 23:02,8/7/18 23:09,IP Address,108.219.80.187,100,437,TRUE,8/7/18 23:09,R_2dGbxESDlCsBQf3,NA,NA,NA,NA,36.06170654,-95.94419861,anonymous,EN,1,1,4,33,4,1,4,1,1,1,2,1,4,4,2,4,11,14,5,64,1,1.14,B14,0.14,TRUE,11,A3IU9K5QXGGH2I,39RRBHZ0AUI00Z8QYZON3EO4BHOZVC,37U1UTWH9W4W9GOF6RO2DHXLHY28RK,Included,Self,0.01,0.25,0.12,0.02,0,1,1,4,89,0.11
8/7/18 23:00,8/7/18 23:14,IP Address,73.75.114.44,100,847,TRUE,8/7/18 23:14,R_1Qu7I5BabBrLzf3,NA,NA,NA,NA,41.95599365,-87.66069794,anonymous,EN,3,3,2,25,2,3,3,1,1,2,3,2,3,4,3,5,49,8,5,207,1,1.14,B14,0.42,TRUE,49,A39JPPVLBXC8MH,375VSR8FVWQ87SR9PFJD2HZ1QBBRZB,3OLF68YTNAJDPECLCU8MSJPX4YRAFV,Included,Team,0.03,0.75,0.36,0.06,0,3,3,2,51,0.49
8/7/18 23:08,8/7/18 23:17,IP Address,172.223.234.114,100,528,TRUE,8/7/18 23:17,R_1HnsAzEmd23whF6,NA,NA,NA,NA,46.16690063,-119.2541046,anonymous,EN,3,3,2,20,5,2,5,2,2,2,5,2,5,5,2,6,13,8,5,81,1,1.14,B14,0.42,TRUE,13,A2YZP3BEG5HNAG,3QD8LUVX4XFUXATWRQIP2VEUQTOX56,30MVJZJNHNVFPXOC3EL7BM65RNQ9JI,Included,Team,0.03,0.75,0.36,0.06,0,3,3,2,87,0.13
8/7/18 23:19,8/7/18 23:26,IP Address,107.15.144.116,100,425,TRUE,8/7/18 23:26,R_ToM3S7slijSyHnP,NA,NA,NA,NA,35.93409729,-78.71659851,anonymous,EN,4,4,1,20,2,4,2,3,4,2,1,4,2,2,3,3,22,5,5,102,1,1.14,B14,0.42,TRUE,22,A1NKBXOTZAI1YK,3GVPRXWRPHBCUJIKGXXLX55BTMFI76,3ZDAD0O1T2VZ4W2FIO5PTVFWWS8XTU,Included,Team,0.03,0.75,0.36,0.06,0,4,4,1,78,0.22
8/7/18 23:27,8/7/18 23:32,IP Address,192.136.204.246,100,337,TRUE,8/7/18 23:32,R_3gNTEqwkfdcSQdW,NA,NA,NA,NA,32.62060547,-97.09089661,anonymous,EN,4,4,4,30,6,4,6,2,2,2,6,2,6,6,2,6,1,8,5,6,1,1,B0,0,TRUE,1,A1G2U62KJ13ZF0,3B6F54KMR2TNDB6EWTAQ0XKLZYHS1B,3ZSANO2JCGPHPAYFTUUDDJJ3Q4ZFSX,Excluded,Self,0.01,0.25,0.12,0.02,1,2,2,2,99,0.01
8/7/18 23:39,8/7/18 23:46,IP Address,174.202.5.119,100,454,TRUE,8/7/18 23:46,R_2OGse0iMchhF5Bh,NA,NA,NA,NA,40.69439697,-73.99060059,anonymous,EN,4,4,1,5,3,6,4,3,6,4,2,4,3,2,1,2,20,5,5,106,1,1.14,B14,0.42,TRUE,20,A1CE2XPYCDRHVZ,3IHWR4LC7DUGUXN3Q2PRB51646LI8T,3OXV7EAXLF8HM0KP2MQ8B5YE5PW63S,Excluded,Team,0.03,0.75,0.36,0.06,1,2,2,5,80,0.2
8/7/18 23:40,8/7/18 23:47,IP Address,73.109.59.97,100,398,TRUE,8/7/18 23:47,R_2OURdWhtQdkJRwJ,NA,NA,NA,NA,47.20979309,-122.4091949,anonymous,EN,4,4,4,25,3,2,2,4,4,4,2,4,3,3,3,3,10,8,5,51,1,1.14,B14,0.14,TRUE,9,A7R8P9XQ4Y9PA,39RRBHZ0AUI00Z8QYZON3EO4BHOZVC,3NS0A6KXC5QK4MGOZ6U3RXGIEY0GZ3,Included,Self,0.01,0.25,0.12,0.02,0,4,4,4,90,0.1
8/7/18 23:42,8/7/18 23:49,IP Address,108.221.215.102,100,438,TRUE,8/7/18 23:49,R_bIsGBOLh2APQsAF,NA,NA,NA,NA,39.88540649,-85.97380066,anonymous,EN,1,1,5,30,5,1,5,1,1,1,5,1,6,6,1,6,8,15,5,43,1,1.14,B14,0.42,TRUE,8,A39A2VKDK81MZ,3QD8LUVX4XFUXATWRQIP2VEUQTOX56,3AQF3RZ5590C2C0IMHRACENB8F3F6C,Included,Team,0.03,0.75,0.36,0.06,0,1,1,5,92,0.08
8/7/18 23:43,8/7/18 23:50,IP Address,67.170.179.67,100,415,TRUE,8/7/18 23:50,R_3QWzHExVdmi7a9i,NA,NA,NA,NA,45.61030579,-122.7454987,anonymous,EN,5,5,1,3,4,3,3,4,5,3,3,3,2,3,5,3,10,3,5,56,1,1.14,B14,0.14,TRUE,10,ADRBDA1ASDOJ8,3GVPRXWRPHBCUJIKGXXLX55BTMFI76,34BBWHLWHBTU6IHEE7AZD5ZGC9OWIL,Excluded,Self,0.01,0.25,0.12,0.02,1,1,1,5,90,0.1
8/7/18 23:41,8/7/18 23:50,IP Address,73.8.205.92,100,548,TRUE,8/7/18 23:50,R_3iF19BlSLjj0VeJ,NA,NA,NA,NA,41.61129761,-88.24839783,anonymous,EN,5,5,1,5,1,2,1,3,4,3,1,3,1,1,4,2,23,3,5,120,1,1.12,B12,0.12,TRUE,22,AJMWITY1XT7H7,3D42WVSDH8CBZCCV2YH07LCGHTWFYD,3R0T90IZ1TU7WT5E7SAVGZFX5GDCGZ,Excluded,Self,0.01,0.25,0.12,0.02,1,1,1,5,77,0.23
8/7/18 23:45,8/7/18 23:57,IP Address,23.116.87.104,100,712,TRUE,8/7/18 23:57,R_BKChaMY2STDkrPH,NA,NA,NA,NA,32.74060059,-97.38020325,anonymous,EN,1,1,5,28,5,6,4,4,4,3,4,2,3,2,2,2,29,15,5,128,1,1.14,B14,0.42,TRUE,28,A16NMKSQM4CT75,3P458N04Q1Y2YDA997GR4OBI6JXX25,3MX2NQ3YCACXJURPHSNRQF9IGPOX55,Included,Team,0.03,0.75,0.36,0.06,0,1,1,5,71,0.29
8/8/18 0:03,8/8/18 0:10,IP Address,24.192.46.184,100,438,TRUE,8/8/18 0:10,R_BPpesyUW5dW6MiR,NA,NA,NA,NA,37.95550537,-87.53220367,anonymous,EN,1,1,3,33,5,1,5,1,1,1,4,1,4,6,1,6,4,13,5,21,1,1.12,B12,0.12,TRUE,4,A2VE1TQ24ONOQL,3JMQI2OLFZMKPTUL4QDZ25BO1WCNDK,39K0FND3AIXJVO42YHCZN9961Z6MAH,Included,Self,0.01,0.25,0.12,0.02,0,1,1,3,96,0.04
8/7/18 23:57,8/8/18 0:18,IP Address,216.218.85.143,100,1265,TRUE,8/8/18 0:18,R_dg3meHQIt4aN9mh,NA,NA,NA,NA,33.832901,-79.75550079,anonymous,EN,4,2,1,10,2,6,3,1,2,6,2,6,2,2,5,2,26,7,5,121,1,1.14,B14,0.42,TRUE,26,A2RGHUEITGT0MG,3DIIW4IV8PCFBW01EZZEUTL12KPI4M,3MAOD8E57RS19JXVLSJDKW947APNXM,Excluded,Team,0.03,0.75,0.36,0.06,1,2,4,5,74,0.26
8/8/18 0:35,8/8/18 0:44,IP Address,65.130.202.41,100,563,TRUE,8/8/18 0:44,R_1lzZVgZR64trlUc,NA,NA,NA,NA,40.74850464,-111.9860001,anonymous,EN,2,1,4,30,5,1,5,1,1,1,5,1,4,5,2,6,26,13,5,115,1,1.14,B14,0.42,TRUE,24,A21H0JE7TM7RX5,3XT3KXP24ZFTQJ4FXNSTRR5FYBVI67,34X6J5FLPUGLHW5YKGWTXHWU1NYJQI,Included,Team,0.03,0.75,0.36,0.06,0,2,1,4,74,0.26
8/8/18 0:41,8/8/18 0:49,IP Address,196.141.132.183,100,479,TRUE,8/8/18 0:49,R_3lSVtLtVVREdlfW,NA,NA,NA,NA,30.07710266,31.28590393,anonymous,EN,5,5,1,5,5,2,4,1,3,1,4,2,2,6,3,4,19,3,5,104,1,1.14,B14,0.14,TRUE,18,A3LSXZR843QSGC,3Y7LTZE0YT30NKJQT9EI7SMLXAFZUN,37U1UTWH9W4W9GOF6RO2DHXLHY6R87,Excluded,Self,0.01,0.25,0.12,0.02,1,1,1,5,81,0.19
8/8/18 0:45,8/8/18 0:54,IP Address,47.209.57.85,100,521,TRUE,8/8/18 0:54,R_3oXj5NvZkkzl8uh,NA,NA,NA,NA,36.62489319,-121.8256989,anonymous,EN,5,5,1,1,1,1,1,3,3,2,1,3,1,2,2,4,20,3,5,103,1,1.14,B14,0.42,TRUE,20,AGHY9RRMN9TD0,375VSR8FVWQ87SR9PFJD2HZ1QBBRZB,3OB0CAO74I7YZS1UNQA2YQJHN4BHYE,Excluded,Team,0.03,0.75,0.36,0.06,1,1,1,5,80,0.2
8/8/18 0:52,8/8/18 0:58,IP Address,46.222.51.116,100,407,TRUE,8/8/18 0:58,R_3ipUhnrT2EPXoLS,NA,NA,NA,NA,40.41650391,-3.702606201,anonymous,EN,5,5,1,10,2,6,1,5,6,5,1,7,1,1,7,1,24,3,5,110,1,1.14,B14,0.14,TRUE,24,A3PSKG2UYU1DM2,3D42WVSDH8CBZCCV2YH07LCGHTWFYD,3IKZ72A5B5YK9X6ALYDREP9X35UNFW,Excluded,Self,0.01,0.25,0.12,0.02,1,1,1,5,76,0.24
8/8/18 1:30,8/8/18 1:43,IP Address,173.63.247.254,100,734,TRUE,8/8/18 1:43,R_1DwqsaDY4sVa5Wt,NA,NA,NA,NA,40.86169434,-74.07369995,anonymous,EN,2,2,3,20,4,2,3,2,3,1,4,3,2,3,NA,NA,28,11,5,130,1,1.14,B14,0.42,TRUE,28,A2WX434EAQOE29,3DIIW4IV8PCFBW01EZZEUTL12KPI4M,3CN4LGXD5Y64NGDZ8JQJ41ADIZR4YH,Included,Team,0.03,0.75,0.36,0.06,0,2,2,3,72,0.28
8/8/18 1:41,8/8/18 1:52,IP Address,104.174.145.72,100,649,TRUE,8/8/18 1:52,R_2qqqP8LHpgwtxRl,NA,NA,NA,NA,33.94540405,-118.4398041,anonymous,EN,2,2,2,20,4,1,3,1,1,1,3,1,3,7,1,7,34,10,5,155,1,1.14,B14,0.14,TRUE,33,A3ENN33QWN1RGF,3XT3KXP24ZFTQJ4FXNSTRR5FYBVI67,33LK57MYLUNNURPFU6OKGBZL29XSZ2,Included,Self,0.01,0.25,0.12,0.02,0,2,2,2,66,0.34
8/8/18 1:54,8/8/18 2:00,IP Address,75.110.141.215,100,390,TRUE,8/8/18 2:00,R_2th90gSdAa4Zk9o,NA,NA,NA,NA,35.1427002,-77.16300201,anonymous,EN,3,3,2,10,6,1,6,1,1,1,1,1,2,6,6,7,13,8,5,68,1,1.14,B14,0.14,TRUE,13,A3SOJWB6AZWZV9,3XT3KXP24ZFTQJ4FXNSTRR5FYBVI67,3N1FSUEFL6I1P5I8CN35RG0C0BL4D9,Excluded,Self,0.01,0.25,0.12,0.02,1,3,3,4,87,0.13
8/8/18 2:12,8/8/18 2:22,IP Address,172.242.254.167,100,588,TRUE,8/8/18 2:22,R_3qdGZPYJ5eJrtDe,NA,NA,NA,NA,34.05439758,-118.2440033,anonymous,EN,1,1,1,33,3,1,3,1,1,1,3,1,3,3,6,6,18,11,5,83,1,1.14,B14,0.42,TRUE,18,A3L6TO881Q0GZS,3KL228NDMV3MT7J993MRGYXHKTNKGM,3MHW492WW1V3NC709C3VJWNJM99VMT,Included,Team,0.03,0.75,0.36,0.06,0,1,1,1,82,0.18
8/8/18 2:17,8/8/18 2:23,IP Address,68.104.3.116,100,343,TRUE,8/8/18 2:23,R_3iUsjMDo1clth6B,NA,NA,NA,NA,36.19790649,-115.2659988,anonymous,EN,5,5,1,10,1,1,1,6,6,3,1,6,1,4,5,2,7,3,5,44,1,1.14,B14,0.14,TRUE,7,AG3LBH8HVPQX4,3NRZ1LDP7WNNVFBUCNFOXMZMPTNPZH,3HPZF4IVNNB7IKQE1YW1NZM1AC8CY2,Excluded,Self,0.01,0.25,0.12,0.02,1,1,1,5,93,0.07
8/8/18 2:24,8/8/18 2:30,IP Address,209.6.70.16,100,401,TRUE,8/8/18 2:30,R_3DwtpMIguGWAHmR,NA,NA,NA,NA,42.34840393,-71.15509796,anonymous,EN,1,1,5,33,7,1,7,1,1,1,7,1,7,7,1,7,11,15,5,56,1,1.14,B14,0.42,TRUE,11,AE8SP12FT4ZSP,33W1NHWFYH2LN741T4O82W0JEW8ZTW,3U5JL4WY5LRFNBNP3N4HLN34GTY4XC,Included,Team,0.03,0.75,0.36,0.06,0,1,1,5,89,0.11
8/8/18 2:50,8/8/18 2:56,IP Address,174.57.249.237,100,392,TRUE,8/8/18 2:56,R_20M3c9Brn0EDhva,NA,NA,NA,NA,40.73640442,-74.07240295,anonymous,EN,5,5,1,5,1,2,1,3,3,1,1,2,1,1,5,2,10,3,5,45,1,1.14,B14,0.42,TRUE,10,A27BUT19WQ6P1O,375VSR8FVWQ87SR9PFJD2HZ1QBBRZB,3PJ71Z61R5K8UG88DPF17MAJX6X91L,Excluded,Team,0.03,0.75,0.36,0.06,1,1,1,5,90,0.1
8/8/18 3:31,8/8/18 3:39,IP Address,73.245.122.87,100,496,TRUE,8/8/18 3:39,R_RgVHvFrH1Ll6C7n,NA,NA,NA,NA,26.66329956,-80.12840271,anonymous,EN,1,1,5,33,5,2,4,1,1,1,3,1,4,4,1,6,8,15,5,49,1,1.14,B14,0.14,TRUE,8,A3CPQP08A6J09F,3XT3KXP24ZFTQJ4FXNSTRR5FYBVI67,3EQHHY4HQTAMX8WZSINN2T9NDZZ5GS,Included,Self,0.01,0.25,0.12,0.02,0,1,1,5,92,0.08
8/8/18 4:03,8/8/18 4:09,IP Address,75.134.170.74,100,390,TRUE,8/8/18 4:09,R_3m9nEreJYz5A4rr,NA,NA,NA,NA,43.70530701,-84.23770142,anonymous,EN,5,5,1,1,3,1,1,1,3,3,1,3,1,1,5,2,13,3,5,64,1,1.14,B14,0.14,TRUE,13,A3JS6HMMTPJ1FL,3JMQI2OLFZMKPTUL4QDZ25BO1WCNDK,3ZPBJO59KQJV1H63RUNOL59G5GBDH8,Excluded,Self,0.01,0.25,0.12,0.02,1,1,1,5,87,0.13
8/8/18 4:15,8/8/18 4:28,IP Address,172.75.176.90,100,793,TRUE,8/8/18 4:28,R_2w4s1uk0enXWtXG,NA,NA,NA,NA,33.93479919,-81.14440155,anonymous,EN,1,1,5,28,4,1,4,1,1,2,1,1,5,3,1,3,36,15,5,151,1,1.14,B14,0.42,TRUE,36,A31U7VGTEOY2RG,3GVPRXWRPHBCUJIKGXXLX55BTMFI76,33FBRBDW6PHS3EZWOUY7OMYZHXA8CP,Included,Team,0.03,0.75,0.36,0.06,0,1,1,5,64,0.36
8/8/18 4:27,8/8/18 4:34,IP Address,72.165.84.8,100,409,TRUE,8/8/18 4:34,R_3eleQRt2ApIqCun,NA,NA,NA,NA,38.90849304,-77.0177002,anonymous,EN,5,5,1,0,1,1,1,1,3,1,1,1,1,4,6,4,14,3,5,9460,1,1.12,B12,0.12,TRUE,10,A2DRJLPMTD54W5,3DIIW4IV8PCFBW01EZZEUTL12KPI4M,33LKR6A5KF2REVHMBVKIYMBVRD61TJ,Excluded,Self,0.01,0.25,0.12,0.02,1,1,1,5,86,0.14
8/8/18 4:27,8/8/18 4:35,IP Address,97.95.51.4,100,472,TRUE,8/8/18 4:35,R_WkZfapBLcdNIRJn,NA,NA,NA,NA,43.7559967,-88.36660004,anonymous,EN,5,5,1,5,4,2,3,1,5,1,2,4,2,3,5,4,15,3,5,73,1,1.14,B14,0.42,TRUE,15,A1KOHXO0BIQB8T,39TX062QX15RJV6SD7UWNYGACXXX3G,39RP059MEIBOEY9U4VCVIKTCJH1BMB,Excluded,Team,0.03,0.75,0.36,0.06,1,1,1,5,85,0.15
8/8/18 4:28,8/8/18 4:35,IP Address,73.23.242.228,100,405,TRUE,8/8/18 4:35,R_2wQWzvMzCVSaqFP,NA,NA,NA,NA,26.69880676,-81.90799713,anonymous,EN,1,1,3,10,5,4,4,1,1,1,NA,NA,NA,NA,NA,NA,4,13,5,21,1,1.12,B12,0.12,TRUE,4,AQ277F26ZFB1K,3B6F54KMR2TNDB6EWTAQ0XKLZYHS1B,3A1COHJ8NKDJKMACAMC8ZDVFUPHH89,Included,Self,0.01,0.25,0.12,0.02,0,1,1,3,96,0.04
8/8/18 4:40,8/8/18 4:45,IP Address,71.10.134.167,100,334,TRUE,8/8/18 4:45,R_2xW2pLAhaViTrA5,NA,NA,NA,NA,43.45469666,-86.34529877,anonymous,EN,5,5,1,5,3,2,1,1,3,3,1,3,1,4,3,3,11,3,5,60,1,1.14,B14,0.42,TRUE,10,A2XHP8GHAHZWB3,39TX062QX15RJV6SD7UWNYGACXXX3G,3E4GGUZ1T99Z0X9V0Q642EY406TK2D,Excluded,Team,0.03,0.75,0.36,0.06,1,1,1,5,89,0.11
8/8/18 4:50,8/8/18 4:58,IP Address,71.59.90.88,100,514,TRUE,8/8/18 4:58,R_0dEHFRryYD4rlv3,NA,NA,NA,NA,39.71459961,-75.21790314,anonymous,EN,5,5,1,1,1,4,1,6,6,4,2,5,1,4,7,4,24,3,5,120,1,1.14,B14,0.14,TRUE,23,A3TI2LBY7W48OV,3D42WVSDH8CBZCCV2YH07LCGHTWFYD,3NGI5ARFTUNTM3OFUEBYTCAY2BR1PM,Excluded,Self,0.01,0.25,0.12,0.02,1,1,1,5,76,0.24
8/8/18 4:55,8/8/18 5:03,IP Address,201.211.100.172,100,484,TRUE,8/8/18 5:03,R_26gbl5Bv0jljzR5,NA,NA,NA,NA,10.18060303,-68.00389862,anonymous,EN,1,1,5,30,6,2,6,1,1,1,6,1,5,7,3,6,4,15,5,21,1,1.12,B12,0.36,TRUE,4,A1WTKDVIFK3IDY,3W3RSPVVGS8GIV2ME8N9ZDBNI17ULZ,36U2A8VAG2HP1I22TBDZBIZ9FMVYKH,Included,Team,0.03,0.75,0.36,0.06,0,1,1,5,96,0.04
8/8/18 4:58,8/8/18 5:03,IP Address,132.183.13.29,100,299,TRUE,8/8/18 5:03,R_22rCyrDIEuM3M1x,NA,NA,NA,NA,42.40629578,-71.05120087,anonymous,EN,4,4,1,1,2,1,2,1,1,1,2,2,1,3,4,3,4,5,5,21,1,1.12,B12,0.36,TRUE,4,AQHEHXSUXXYYH,39RRBHZ0AUI00Z8QYZON3EO4BHOZVC,3U84XHCDIDV4S6N445S2I8JFOUB4ZQ,Excluded,Team,0.03,0.75,0.36,0.06,1,2,2,5,96,0.04
8/8/18 5:05,8/8/18 5:12,IP Address,73.178.72.57,100,439,TRUE,8/8/18 5:12,R_3HwyzYwzBTJpiFF,NA,NA,NA,NA,40.49809265,-74.68659973,anonymous,EN,5,5,1,1,4,5,3,1,2,3,1,4,1,2,3,3,7,3,5,48,1,1.14,B14,0.14,TRUE,7,A2YV1K020IV72E,356ZPKYPUHYNQP1PG1D5JFQKJZJPYQ,31N2WW6R9S8D5TD03FTC5BBRYPP3FK,Excluded,Self,0.01,0.25,0.12,0.02,1,1,1,5,93,0.07
8/8/18 5:11,8/8/18 5:15,IP Address,71.91.20.133,100,278,TRUE,8/8/18 5:15,R_sGe5bT7IiTdqnmh,NA,NA,NA,NA,34.52960205,-87.86640167,anonymous,EN,5,5,1,15,4,2,4,2,2,1,4,3,3,2,4,4,9,3,5,43,1,1.14,B14,0.42,TRUE,9,A3LARK2XWBY8BI,3W3RSPVVGS8GIV2ME8N9ZDBNI17ULZ,3RANCT1ZVGZ7R6E3DX3H9UA6W4CUBW,Excluded,Team,0.03,0.75,0.36,0.06,1,1,1,5,91,0.09
8/8/18 5:05,8/8/18 5:17,IP Address,69.207.205.191,100,678,TRUE,8/8/18 5:17,R_2xQRKs0hDngmDvT,NA,NA,NA,NA,42.54519653,-75.55879974,anonymous,EN,1,1,3,28,5,3,5,1,2,1,2,2,2,4,3,6,24,13,5,105,1,1.14,B14,0.14,TRUE,24,A2RL0OVIDO2D5U,3CKVGCS3PGMN6MLW0A6QMS1BU6BS08,382M9COHEIX5Y9QNNO57A2GRZ1UEUL,Included,Self,0.01,0.25,0.12,0.02,0,1,1,3,76,0.24
8/8/18 5:07,8/8/18 5:17,IP Address,108.174.243.190,100,578,TRUE,8/8/18 5:17,R_ufUkLgfwt8kUcyR,NA,NA,NA,NA,38.85569763,-77.46970367,anonymous,EN,3,1,3,25,4,1,4,1,3,1,3,1,4,5,6,5,23,11,5,105,1,1.14,B14,0.42,TRUE,23,A1XPWP2JATBLNL,39RRBHZ0AUI00Z8QYZON3EO4BHOZVC,3KRVW3HTZO3NVKQWFHYQ893CN61MS3,Included,Team,0.03,0.75,0.36,0.06,0,3,1,3,77,0.23
8/8/18 5:12,8/8/18 5:19,IP Address,68.227.13.106,100,381,TRUE,8/8/18 5:19,R_32QOyZsVRK1Eh6P,NA,NA,NA,NA,36.07809448,-115.2124023,anonymous,EN,5,5,1,5,1,3,1,7,7,3,1,4,1,1,6,1,10,3,5,62,1,1.14,B14,0.14,TRUE,10,A1HYMGPYXU97ZN,3VP28W7DUN1B42M0YKJJLSLINN0FZ4,3EWIJTFFVPPPINE7PHRNLVSKJCUE0M,Excluded,Self,0.01,0.25,0.12,0.02,1,1,1,5,90,0.1
8/8/18 5:18,8/8/18 5:22,IP Address,74.88.80.242,100,258,TRUE,8/8/18 5:22,R_RDiY81akhOSxUd3,NA,NA,NA,NA,40.87600708,-73.87159729,anonymous,EN,5,5,1,2,3,2,2,4,4,1,3,3,2,2,3,2,8,3,5,48,1,1.14,B14,0.42,TRUE,8,A1SVSCF7JWBIJL,3XAOZ9UYRZ8B0VR14PLL5X5KHAWQ1K,3B2X28YI3XXMPVO2HF5ETOWQTI66BI,Excluded,Team,0.03,0.75,0.36,0.06,1,1,1,5,92,0.08
8/8/18 5:17,8/8/18 5:22,IP Address,108.227.68.87,100,302,TRUE,8/8/18 5:22,R_yqGukYYqCzQq2Z3,NA,NA,NA,NA,34.020401,-84.24449921,anonymous,EN,1,1,5,25,6,1,5,1,1,1,4,1,4,5,6,5,9,15,5,48,1,1.14,B14,0.14,TRUE,9,A1VGZ87KEGN5NE,39RRBHZ0AUI00Z8QYZON3EO4BHOZVC,3OJSZ2ATDTE34FLYZFJTWGWUEX457F,Included,Self,0.01,0.25,0.12,0.02,0,1,1,5,91,0.09
8/8/18 5:13,8/8/18 5:24,IP Address,24.193.159.61,100,658,TRUE,8/8/18 5:24,R_3dRlK4WUmFwHmRX,NA,NA,NA,NA,40.65139771,-73.8707962,anonymous,EN,2,1,2,28,3,2,4,1,1,1,3,1,4,4,2,5,34,11,5,156,1,1.12,B12,0.36,TRUE,33,A2Q3W2ZT4H63LY,39RRBHZ0AUI00Z8QYZON3EO4BHOZVC,3MYYFCXHJ4P41PSZED4DX139D4P4G9,Included,Team,0.03,0.75,0.36,0.06,0,2,1,2,66,0.34
8/8/18 5:26,8/8/18 5:29,IP Address,158.106.216.110,100,199,TRUE,8/8/18 5:29,R_OI3JRCXw1T41GJX,NA,NA,NA,NA,40.92070007,-73.89099884,anonymous,EN,1,1,4,30,4,1,6,1,1,1,4,1,5,4,1,7,4,14,5,21,1,1.12,B12,0.36,TRUE,4,A3GVIO0THJXK51,3D42WVSDH8CBZCCV2YH07LCGHTWFYD,3JNQLM5FT54AK3RDLQI5HEBJP7KL25,Included,Team,0.03,0.75,0.36,0.06,0,1,1,4,96,0.04
8/8/18 5:21,8/8/18 5:31,IP Address,155.74.255.3,100,595,TRUE,8/8/18 5:31,R_30oxCJBxF9IgiVf,NA,NA,NA,NA,30.290802,-81.63300323,anonymous,EN,5,5,1,10,4,3,4,4,5,2,3,4,2,2,5,3,66,3,5,306,1,1.14,B14,0.14,TRUE,66,A260AFDCSXBQOH,39TX062QX15RJV6SD7UWNYGACXXX3G,3W2LOLRXLCXG4HQGFGL53M6CCZUKRF,Excluded,Self,0.01,0.25,0.12,0.02,1,1,1,5,34,0.66
8/8/18 5:31,8/8/18 5:40,IP Address,174.196.10.102,100,515,TRUE,8/8/18 5:40,R_psowdA6M5hVckQF,NA,NA,NA,NA,34.88609314,-82.58570099,anonymous,EN,3,3,4,25,4,3,4,1,2,2,4,NA,4,NA,4,4,13,10,5,75,1,1.14,B14,0.14,TRUE,13,A1W4PFLNVYCC8D,3YO4AH2FPD1BT66J86HLRSMACIQQ0H,358UUM7WR0LS92JWWMWWZH1Q6FWR7I,Included,Self,0.01,0.25,0.12,0.02,0,3,3,4,87,0.13
8/8/18 5:35,8/8/18 5:41,IP Address,209.248.242.178,100,405,TRUE,8/8/18 5:41,R_2sQJbaB45obTg7C,NA,NA,NA,NA,28.01699829,-80.67359924,anonymous,EN,4,4,2,33,6,3,5,1,3,2,4,2,4,4,1,3,23,6,5,106,1,1.14,B14,0.42,TRUE,23,A38TXZ5M4FC9SZ,3XAOZ9UYRZ8B0VR14PLL5X5KHAWQ1K,3B1NLC6UG0EQQIEICXW10ZE440SPGS,Included,Team,0.03,0.75,0.36,0.06,0,4,4,2,77,0.23
8/8/18 5:35,8/8/18 5:42,IP Address,184.20.46.128,100,441,TRUE,8/8/18 5:42,R_1py70KMNNsbaDj6,NA,NA,NA,NA,33.04550171,-96.40299988,anonymous,EN,5,5,1,3,1,1,1,7,7,7,1,7,1,1,1,1,5,3,5,30,1,1.14,B14,0.42,TRUE,5,A1F3UKKQ9YBQJ4,3RKHNXPHGWD5YPK4T8B8KDY8T12UKW,36ZN444YTSGM198CNLJPWBMU98OIOW,Excluded,Team,0.03,0.75,0.36,0.06,1,1,1,5,95,0.05
8/8/18 5:36,8/8/18 5:42,IP Address,107.5.108.210,100,382,TRUE,8/8/18 5:42,R_2S1zsQYriCCMZNr,NA,NA,NA,NA,41.8618927,-84.60379791,anonymous,EN,2,2,2,33,7,1,6,1,3,1,1,1,3,4,1,4,14,10,5,68,1,1.14,B14,0.14,TRUE,14,ANU6OTXYGSSTX,3D42WVSDH8CBZCCV2YH07LCGHTWFYD,3300DTYQT3ZD6GJ66FL201J2WGZQE3,Included,Self,0.01,0.25,0.12,0.02,0,2,2,2,86,0.14
8/8/18 5:33,8/8/18 5:44,IP Address,68.34.144.87,100,707,TRUE,8/8/18 5:44,R_qURCUcTDJm6Z8MF,NA,NA,NA,NA,35.04859924,-85.15499878,anonymous,EN,1,3,3,30,6,1,5,1,2,2,4,1,5,4,2,4,66,11,5,309,1,1.14,B14,0.14,TRUE,66,A1TGBCLWRWTR92,3UAU495MII9OOG5JR031RUFHD6CUOG,3R3YRB5GRGL28W9B7J3LEJQ0EM6AUW,Included,Self,0.01,0.25,0.12,0.02,0,1,3,3,34,0.66
8/8/18 5:34,8/8/18 5:45,IP Address,68.224.203.42,100,659,TRUE,8/8/18 5:45,R_ebvCIDNqgJBFIhH,NA,NA,NA,NA,41.98660278,-72.25340271,anonymous,EN,5,5,1,2,4,2,1,1,2,1,2,1,1,4,5,NA,25,3,5,132,1,1.14,B14,0.42,TRUE,25,AHHAPMAKZ6A6G,3DIIW4IV8PCFBW01EZZEUTL12KPI4M,3FPRZHYEPZP21QZQ3UYGNXEDMJO3VJ,Excluded,Team,0.03,0.75,0.36,0.06,1,1,1,5,75,0.25
8/8/18 5:41,8/8/18 5:52,IP Address,74.199.82.252,100,660,TRUE,8/8/18 5:52,R_1NDpGNfDhskfP2V,NA,NA,NA,NA,42.52160645,-83.16329956,anonymous,EN,3,4,2,20,4,2,4,1,1,2,2,1,3,6,3,6,27,7,5,111,1,1.14,B14,0.14,TRUE,26,A1SXYET0NA1IY5,3XT3KXP24ZFTQJ4FXNSTRR5FYBVI67,3K772S5NP9T0TNK3NPY8RNR15T4EHW,Included,Self,0.01,0.25,0.12,0.02,0,3,4,2,73,0.27
8/8/18 5:46,8/8/18 5:52,IP Address,73.165.220.99,100,407,TRUE,8/8/18 5:52,R_3mVZAeIAbPIXY0F,NA,NA,NA,NA,39.75120544,-75.52719879,anonymous,EN,3,3,2,25,4,1,4,1,2,1,1,1,1,4,4,5,10,8,5,53,1,1.14,B14,0.14,TRUE,10,A20FCMI1MPEEJN,3W3RSPVVGS8GIV2ME8N9ZDBNI17ULZ,3E1QT0TDFQRJGHLWG4UTZPWUU3LI8U,Included,Self,0.01,0.25,0.12,0.02,0,3,3,2,90,0.1
8/8/18 5:46,8/8/18 5:58,IP Address,172.58.224.143,100,754,TRUE,8/8/18 5:58,R_2aCQGTjugkPstPB,NA,NA,NA,NA,40.81159973,-73.88559723,anonymous,EN,4,2,1,11,6,4,5,1,2,2,5,2,5,6,1,6,18,7,5,70,1,1.14,B14,0.42,TRUE,18,A1R1CH9MXSX28D,3UAU495MII9OOG5JR031RUFHD6CUOG,3FE7TXL1LJ5LB07QDVQ1Y0ADZDAQ22,Excluded,Team,0.03,0.75,0.36,0.06,1,2,4,5,82,0.18
8/8/18 5:55,8/8/18 6:01,IP Address,68.169.189.8,100,341,TRUE,8/8/18 6:01,R_UshSF5pkpLXl8Vb,NA,NA,NA,NA,35.17050171,-85.20950317,anonymous,EN,5,5,5,5,4,1,4,2,3,1,4,3,1,5,4,2,18,7,5,74,1,1.14,B14,0.42,TRUE,18,A1DP2L19BNZJ2Y,3GVPRXWRPHBCUJIKGXXLX55BTMFI76,3SITXWYCNWRZ8A8YI2E4T19AQMBBXN,Excluded,Team,0.03,0.75,0.36,0.06,1,1,1,1,82,0.18
8/8/18 5:50,8/8/18 6:14,IP Address,172.58.35.30,100,1464,TRUE,8/8/18 6:14,R_2zcHOrXAJI61T8O,NA,NA,NA,NA,38.54510498,-121.3833008,anonymous,EN,5,1,1,10,4,5,2,4,5,3,2,5,3,2,5,3,4,7,5,21,1,1.12,B12,0.12,TRUE,4,A1P0MXIDPXPW07,3IHWR4LC7DUGUXN3Q2PRB51646LI8T,3QY5DC2MXS2X4NQJIZPDSK1RB2LFUG,Excluded,Self,0.01,0.25,0.12,0.02,1,1,5,5,96,0.04
8/8/18 6:07,8/8/18 6:16,IP Address,165.225.34.151,100,535,TRUE,8/8/18 6:16,R_2zImtEjs3Et22ch,NA,NA,NA,NA,29.77020264,-95.3628006,anonymous,EN,4,4,2,15,3,4,2,5,4,2,2,2,2,2,6,2,7,6,5,38,1,1.14,B14,0.42,TRUE,7,A20B84891JYCW6,3YO4AH2FPD1BT66J86HLRSMACIQQ0H,33C7UALJVMG8GBPY8X9N7QF8D1E18P,Included,Team,0.03,0.75,0.36,0.06,0,4,4,2,93,0.07
8/8/18 5:56,8/8/18 6:18,IP Address,73.65.105.113,100,1296,TRUE,8/8/18 6:18,R_2R4TqB7xk6zNXFT,NA,NA,NA,NA,45.06480408,-92.84729767,anonymous,EN,1,1,5,33,5,1,5,1,1,1,4,1,4,4,2,4,91,15,5,485,1,1.14,B14,0.14,TRUE,89,A42UZIPIKDFI5,3IHWR4LC7DUGUXN3Q2PRB51646LI8T,3AZHRG4CU52M8PYA0XAR24ONSND03Q,Included,Self,0.01,0.25,0.12,0.02,0,1,1,5,9,0.91
8/8/18 6:13,8/8/18 6:20,IP Address,199.247.88.250,100,447,TRUE,8/8/18 6:20,R_3HZz8nToRRhGhKc,NA,NA,NA,NA,30.3795929,-97.67569733,anonymous,EN,1,1,3,50,3,3,4,3,4,3,2,4,3,2,5,3,14,13,5,50,1,1.14,B14,0.14,TRUE,14,A1LMOSQXXN17PV,3KL228NDMV3MT7J993MRGYXHKTNKGM,3T111IHZ5F8WNL7PBJUGDDSW15S9RK,Included,Self,0.01,0.25,0.12,0.02,0,1,1,3,86,0.14
8/8/18 6:12,8/8/18 6:21,IP Address,71.233.191.78,100,578,TRUE,8/8/18 6:21,R_2pW5UXO4RSexUCl,NA,NA,NA,NA,41.67379761,-72.85440063,anonymous,EN,5,5,1,2,2,3,2,3,4,2,1,3,1,2,4,3,31,3,5,119,1,1.14,B14,0.42,TRUE,31,A13SH6UH9376BG,3GVPRXWRPHBCUJIKGXXLX55BTMFI76,3HWRJOOET6KPJWYJYJA7V1Y3E4OSEY,Excluded,Team,0.03,0.75,0.36,0.06,1,1,1,5,69,0.31
8/8/18 6:19,8/8/18 6:25,IP Address,74.7.11.194,100,356,TRUE,8/8/18 6:25,R_1kTYrG1Nupq52of,NA,NA,NA,NA,33.77189636,-84.37709808,anonymous,EN,5,5,1,10,1,1,2,2,1,1,2,2,2,1,NA,NA,4,3,5,21,1,1.12,B12,0.36,TRUE,4,A1NAGLVAIALY55,3IWA71V4TIXQGETAW9SUU1SUMOZX6M,34HJIJKLP6ENJMIU383ZX26J0JT4VE,Excluded,Team,0.03,0.75,0.36,0.06,1,1,1,5,96,0.04
8/8/18 6:17,8/8/18 6:25,IP Address,32.208.134.41,100,465,TRUE,8/8/18 6:25,R_3fTAjqXzP8C7MKc,NA,NA,NA,NA,41.68159485,-72.94049835,anonymous,EN,1,1,1,33,1,1,1,1,1,1,1,1,1,4,1,5,23,11,5,117,1,1.14,B14,0.14,TRUE,22,A3TK7HVFEKB00R,3JMQI2OLFZMKPTUL4QDZ25BO1WCNDK,3X3OR7WPZ0IL6IT217R6R5OMB7M8L5,Included,Self,0.01,0.25,0.12,0.02,0,1,1,1,77,0.23
8/8/18 6:24,8/8/18 6:32,IP Address,74.92.0.121,100,477,TRUE,8/8/18 6:32,R_1BXZfKwTt2I4xAc,NA,NA,NA,NA,37.75100708,-97.8219986,anonymous,EN,1,1,2,33,4,2,4,1,2,1,4,1,4,4,3,4,22,12,5,83,1,1.14,B14,0.42,TRUE,21,AIMPS8OMF6Y8B,366FYU4PTG6O9TNI38W3GVC57D8KE5,3GM6G9ZBKOFOAK3B4H3GIEZYPPZMTC,Excluded,Team,0.03,0.75,0.36,0.06,1,5,5,4,78,0.22
8/8/18 6:27,8/8/18 6:32,IP Address,76.183.136.141,100,300,TRUE,8/8/18 6:32,R_3Pz7w7okz2DFWtk,NA,NA,NA,NA,32.81010437,-97.10610199,anonymous,EN,1,1,3,25,6,1,5,1,1,1,5,1,5,4,5,6,14,13,5,71,1,1.14,B14,0.14,TRUE,14,A20Z7TK84X9JND,3KL228NDMV3MT7J993MRGYXHKTNKGM,3VFJCI1K40HB2VUXPP0Q5UEJ5IRGRM,Included,Self,0.01,0.25,0.12,0.02,0,1,1,3,86,0.14
8/8/18 6:27,8/8/18 6:34,IP Address,40.141.227.115,100,454,TRUE,8/8/18 6:34,R_3EXPBEshBlJA2ak,NA,NA,NA,NA,43.08459473,-87.88800049,anonymous,EN,4,4,2,5,3,5,2,5,5,5,1,5,2,3,4,4,8,6,5,38,1,1.14,B14,0.14,TRUE,8,ALBWNOBMO0EFP,39TX062QX15RJV6SD7UWNYGACXXX3G,3AAPLD8UCDZ2I620DKN3Q9R2831THB,Excluded,Self,0.01,0.25,0.12,0.02,1,2,2,4,92,0.08
8/8/18 6:30,8/8/18 6:36,IP Address,165.221.114.91,100,379,TRUE,8/8/18 6:36,R_3KGSyLtugZsWhVf,NA,NA,NA,NA,38.96040344,-94.57640076,anonymous,EN,1,1,4,30,4,2,2,2,2,4,2,4,2,2,2,2,12,14,5,45,1,1.14,B14,0.42,TRUE,12,A1WIZF8NB5MIA2,33W1NHWFYH2LN741T4O82W0JEW8ZTW,3NJM2BJS4XOD96YDAB0IA8TP68CCPH,Included,Team,0.03,0.75,0.36,0.06,0,1,1,4,88,0.12
8/8/18 6:35,8/8/18 6:41,IP Address,38.125.196.2,100,309,TRUE,8/8/18 6:41,R_3gL4cpEIdV2k28r,NA,NA,NA,NA,40.71429443,-74.0059967,anonymous,EN,5,5,1,5,3,3,2,2,3,2,2,2,1,2,3,2,10,3,5,49,1,1.14,B14,0.42,TRUE,10,A8AESE1SPZHL0,366FYU4PTG6O9TNI38W3GVC57D8KE5,3T111IHZ5F8WNL7PBJUGDDSW15XR97,Excluded,Team,0.03,0.75,0.36,0.06,1,1,1,5,90,0.1
8/8/18 6:40,8/8/18 6:45,IP Address,75.67.159.9,100,318,TRUE,8/8/18 6:45,R_21olMYAN7selksD,NA,NA,NA,NA,42.11120605,-70.71269989,anonymous,EN,3,2,3,25,5,1,3,1,2,1,4,2,3,5,5,6,15,10,5,64,1,1.14,B14,0.42,TRUE,14,A3EHC5P4JYZ3NT,3FDWKV9VCNJ0ODK7EKOOZQQCI6XUM1,3LWJHTCVCD45CUJ21Q58IJ428HRQFY,Included,Team,0.03,0.75,0.36,0.06,0,3,2,3,85,0.15
8/8/18 6:38,8/8/18 6:48,IP Address,71.34.25.239,100,605,TRUE,8/8/18 6:48,R_3P69xt12jAPGMYW,NA,NA,NA,NA,44.94639587,-93.05149841,anonymous,EN,1,1,4,55,4,1,4,1,1,1,2,1,3,4,3,3,26,14,5,138,1,1.14,B14,0.14,TRUE,26,A2JCZI5G6AAHHA,3QD8LUVX4XFUXATWRQIP2VEUQTOX56,3180JW2OT5UWOAM00O8QZ6135SL5J3,Included,Self,0.01,0.25,0.12,0.02,0,1,1,4,74,0.26
8/8/18 6:43,8/8/18 6:49,IP Address,96.33.195.78,100,383,TRUE,8/8/18 6:49,R_1GWj1vj43Iih410,NA,NA,NA,NA,35.78849792,-83.88839722,anonymous,EN,5,5,2,3,2,1,2,4,6,1,1,5,2,2,4,2,10,4,5,53,1,1.14,B14,0.14,TRUE,10,A3JFMR6418W8OH,3YO4AH2FPD1BT66J86HLRSMACIQQ0H,3LQ8PUHQFMAC9SMPJ8OZC2PTXMNHIK,Excluded,Self,0.01,0.25,0.12,0.02,1,1,1,4,90,0.1
8/8/18 6:46,8/8/18 6:50,IP Address,162.212.28.84,100,228,TRUE,8/8/18 6:50,R_aibCOxwIs6XNjQl,NA,NA,NA,NA,34.53349304,-92.97409821,anonymous,EN,2,2,3,25,6,2,6,1,1,1,6,1,6,7,2,7,1,11,5,6,1,1,B0,0,TRUE,1,A6GK3W5MDWXCY,39RRBHZ0AUI00Z8QYZON3EO4BHOZVC,3F0BG9B9MQ5163VIAHOQ7DUN92Q7YF,Included,Team,0.03,0.75,0.36,0.06,0,2,2,3,99,0.01
8/8/18 6:45,8/8/18 7:00,IP Address,24.106.211.158,100,870,TRUE,8/8/18 7:00,R_3m4vTTLcTwdsMnI,NA,NA,NA,NA,34.24319458,-78.09960175,anonymous,EN,5,5,2,4,2,2,3,2,2,3,1,3,1,2,3,1,37,4,5,170,1,1.14,B14,0.14,TRUE,36,A14QGS6XH65BGQ,35A1YQPVFEXX7F41S4IOZLRF2GKI5R,3TXMY6UCAF6Y9IZSAOF7ADJZB4ZQCN,Excluded,Self,0.01,0.25,0.12,0.02,1,1,1,4,63,0.37
8/8/18 6:57,8/8/18 7:04,IP Address,99.181.165.106,100,408,TRUE,8/8/18 7:04,R_28zzswyY6uGP9Cn,NA,NA,NA,NA,41.55000305,-88.12480164,anonymous,EN,3,2,4,30,4,4,4,2,3,2,3,4,3,3,7,3,4,11,5,21,1,1.12,B12,0.36,TRUE,4,A2IWM3XGA34QJ1,3YO4AH2FPD1BT66J86HLRSMACIQQ0H,3SEPORI8WOHJUV3LD62TVB5FG51AZ3,Included,Team,0.03,0.75,0.36,0.06,0,3,2,4,96,0.04
8/8/18 7:02,8/8/18 7:10,IP Address,158.130.112.123,100,462,TRUE,8/8/18 7:10,R_ST2PFHk5acmpDvH,NA,NA,NA,NA,39.95970154,-75.19680023,anonymous,EN,5,5,1,5,4,3,4,1,3,3,3,4,2,2,3,3,23,3,5,108,1,1.14,B14,0.14,TRUE,23,A3L2DEL4LQASFF,3GVPRXWRPHBCUJIKGXXLX55BTMFI76,3TS1AR6UQRWV6CEN5RW2ISN73S27FM,Excluded,Self,0.01,0.25,0.12,0.02,1,1,1,5,77,0.23
8/8/18 7:06,8/8/18 7:13,IP Address,128.253.29.145,100,414,TRUE,8/8/18 7:13,R_1N1YfG2QGLOmVv3,NA,NA,NA,NA,42.44850159,-76.48040009,anonymous,EN,2,2,4,20,4,4,4,3,4,4,3,3,3,3,4,4,21,12,5,109,1,1.14,B14,0.14,TRUE,20,A33HHJ06ONLI5G,3YO4AH2FPD1BT66J86HLRSMACIQQ0H,326O153BMJGJH7F11TFI02C3D2QED4,Included,Self,0.01,0.25,0.12,0.02,0,2,2,4,79,0.21
8/8/18 7:07,8/8/18 7:14,IP Address,134.192.173.235,100,430,TRUE,8/8/18 7:14,R_1LFCwVNObxwLjno,NA,NA,NA,NA,39.29519653,-76.62310028,anonymous,EN,5,5,1,1,5,1,5,1,1,1,5,1,4,4,1,4,17,3,5,69,1,1.14,B14,0.42,TRUE,16,A1AEV3GK17B1YP,3VMHWJRYHVXMZ7MLX2VYO757FN2FX7,31JLPPHS2VC7B6QT2IC2S5K5QR7O3K,Excluded,Team,0.03,0.75,0.36,0.06,1,1,1,5,83,0.17
8/8/18 7:09,8/8/18 7:18,IP Address,199.107.68.202,100,551,TRUE,8/8/18 7:18,R_sUwneGeBM5BgTIJ,NA,NA,NA,NA,39.75889587,-75.56500244,anonymous,EN,2,2,4,20,5,3,4,1,2,2,3,2,3,5,4,5,22,12,5,108,1,1.14,B14,0.42,TRUE,22,A3AW92ZT3WY05A,366FYU4PTG6O9TNI38W3GVC57D8KE5,3NKQQ8O39ZN063CNRTUN4KY6ZQKUD1,Included,Team,0.03,0.75,0.36,0.06,0,2,2,4,78,0.22
8/8/18 7:12,8/8/18 7:18,IP Address,158.48.133.1,100,380,TRUE,8/8/18 7:18,R_1K8XmhKxnjWtjeV,NA,NA,NA,NA,39.27130127,-84.33209991,anonymous,EN,5,4,4,0,2,5,2,NA,3,4,2,3,NA,2,3,6,13,7,5,61,1,1.14,B14,0.42,TRUE,13,A1KRYIRDA2OOWC,3VP28W7DUN1B42M0YKJJLSLINN0FZ4,3OHYZ19UGDN7VRPEBXRCFDYBW10AO3,Excluded,Team,0.03,0.75,0.36,0.06,1,1,2,2,87,0.13
8/8/18 7:13,8/8/18 7:19,IP Address,138.26.62.131,100,369,TRUE,8/8/18 7:19,R_29gfRbY4is1BGPY,NA,NA,NA,NA,33.54460144,-86.92919922,anonymous,EN,2,2,3,33,4,3,4,2,2,2,3,2,3,3,6,3,16,11,5,67,1,1.14,B14,0.14,TRUE,16,A36OBXVHAWK3IW,3DIIW4IV8PCFBW01EZZEUTL12KPI4M,3KOPY89HM9KTAVZWM5KXK93JRXY3JH,Included,Self,0.01,0.25,0.12,0.02,0,2,2,3,84,0.16
8/8/18 7:14,8/8/18 7:19,IP Address,208.95.137.180,100,304,TRUE,8/8/18 7:19,R_9TCmtc218CxNiAp,NA,NA,NA,NA,41.21400452,-86.42620087,anonymous,EN,1,1,4,32,6,3,6,1,1,1,5,1,4,5,2,6,7,14,5,41,1,1.14,B14,0.14,TRUE,7,A3C9PTN49QTVFN,33W1NHWFYH2LN741T4O82W0JEW8ZTW,39RP059MEIBOEY9U4VCVIKTCJJ6BMK,Included,Self,0.01,0.25,0.12,0.02,0,1,1,4,93,0.07
8/8/18 7:11,8/8/18 7:20,IP Address,174.79.122.34,100,521,TRUE,8/8/18 7:20,R_308lsmoNAnkKxCM,NA,NA,NA,NA,30.44799805,-91.1289978,anonymous,EN,5,5,1,10,4,2,4,2,2,1,4,1,4,3,3,3,31,3,5,131,1,1.14,B14,0.14,TRUE,31,A3YVH0VDYVLXH,35A1YQPVFEXX7F41S4IOZLRF2GKI5R,3Z3ZLGNNSJCAWI39HV46HAF55SPQ3U,Excluded,Self,0.01,0.25,0.12,0.02,1,1,1,5,69,0.31
8/8/18 7:16,8/8/18 7:22,IP Address,69.74.154.158,100,365,TRUE,8/8/18 7:22,R_ujFwd0JQTRpM3Wp,NA,NA,NA,NA,40.16729736,-74.61090088,anonymous,EN,1,1,4,33,5,1,4,1,1,1,5,1,4,7,1,7,13,14,5,62,1,1.14,B14,0.42,TRUE,12,A27N5X61F424YV,375VSR8FVWQ87SR9PFJD2HZ1QBBRZB,3QRYMNZ7FZZUS2OBGIIGVTOYUGGTNS,Included,Team,0.03,0.75,0.36,0.06,0,1,1,4,87,0.13
8/8/18 7:16,8/8/18 7:23,IP Address,67.166.248.207,100,446,TRUE,8/8/18 7:23,R_2WSFJkOo4c51BKP,NA,NA,NA,NA,34.00169373,-84.47100067,anonymous,EN,2,2,4,27,4,4,5,1,4,4,3,3,3,3,1,4,14,12,5,74,1,1.14,B14,0.42,TRUE,14,A1FJAVZWHRQ4HH,3FDWKV9VCNJ0ODK7EKOOZQQCI6XUM1,32SVAV9L3GRI92WSSZ7KRA001A4A38,Included,Team,0.03,0.75,0.36,0.06,0,2,2,4,86,0.14
8/8/18 7:15,8/8/18 7:24,IP Address,172.58.67.180,100,532,TRUE,8/8/18 7:24,R_22ITIZzTvituGk0,NA,NA,NA,NA,35.46760559,-97.5164032,anonymous,EN,5,5,1,5,2,4,1,5,6,6,6,5,1,1,6,2,25,3,5,119,1,1.14,B14,0.42,TRUE,24,A3AE0CU0UH5RBR,3IWA71V4TIXQGETAW9SUU1SUMOZX6M,3BDCF01OGYC0LOKKEBP0QICO4NYLY7,Excluded,Team,0.03,0.75,0.36,0.06,1,1,1,5,75,0.25
8/8/18 7:19,8/8/18 7:24,IP Address,172.254.122.118,100,298,TRUE,8/8/18 7:24,R_2v82Pf6281PyfVc,NA,NA,NA,NA,40.62339783,-74.02880096,anonymous,EN,5,5,1,1,1,2,1,3,3,1,1,4,1,2,6,1,4,3,5,21,1,1.12,B12,0.12,TRUE,4,A25NRZFFVPNH1B,3YO4AH2FPD1BT66J86HLRSMACIQQ0H,3DYGAII7PMQH378WFT1DUDI6AOIQP7,Excluded,Self,0.01,0.25,0.12,0.02,1,1,1,5,96,0.04
8/8/18 7:26,8/8/18 7:34,IP Address,173.49.22.38,100,484,TRUE,8/8/18 7:34,R_1M4YA81vTff1c9d,NA,NA,NA,NA,40.03259277,-75.71900177,anonymous,EN,3,3,2,15,3,4,3,2,2,2,2,2,2,4,3,3,19,8,5,89,1,1.14,B14,0.14,TRUE,19,A1L732G0N0QULL,3XT3KXP24ZFTQJ4FXNSTRR5FYBVI67,3Z4XG4ZF499G6CARFQUU2ZJ9IH7X8T,Included,Self,0.01,0.25,0.12,0.02,0,3,3,2,81,0.19
8/8/18 7:31,8/8/18 7:37,IP Address,165.225.38.195,100,344,TRUE,8/8/18 7:37,R_1mEJf2ZWELjTaWg,NA,NA,NA,NA,40.71429443,-74.0059967,anonymous,EN,3,3,2,33,6,1,5,1,1,1,5,1,5,6,1,6,15,8,5,72,1,1.14,B14,0.42,TRUE,15,ADWY56NPY7ERA,3XAOZ9UYRZ8B0VR14PLL5X5KHAWQ1K,3TDXMTX3CCCWC328NPXVFB03O9EI6T,Included,Team,0.03,0.75,0.36,0.06,0,3,3,2,85,0.15
8/8/18 7:33,8/8/18 7:39,IP Address,168.24.85.175,100,375,TRUE,8/8/18 7:39,R_3HI8EVYpD9i6GUo,NA,NA,NA,NA,33.90330505,-83.33059692,anonymous,EN,4,4,1,10,2,3,1,3,3,1,1,3,1,2,1,3,24,5,5,114,1,1.14,B14,0.14,TRUE,24,A2YACZQ29HF93N,3QD8LUVX4XFUXATWRQIP2VEUQTOX56,3DEL4X4EL73VLI19SUSO1C7BBWCYXA,Excluded,Self,0.01,0.25,0.12,0.02,1,2,2,5,76,0.24
8/8/18 7:26,8/8/18 7:40,IP Address,74.134.238.26,100,828,TRUE,8/8/18 7:40,R_2zvAvdcjRY4CoFB,NA,NA,NA,NA,38.25819397,-85.45259857,anonymous,EN,4,5,3,2,5,2,4,1,2,1,3,1,3,NA,NA,NA,45,6,5,207,1,1.14,B14,0.14,TRUE,45,A2Z3I9XW0SHBPY,3P458N04Q1Y2YDA997GR4OBI6JXX25,3ZPBJO59KQJV1H63RUNOL59G5IMDHN,Excluded,Self,0.01,0.25,0.12,0.02,1,2,1,3,55,0.45
8/8/18 7:32,8/8/18 7:40,IP Address,173.216.134.149,100,477,TRUE,8/8/18 7:40,R_2bN4xyXypq4W0KD,NA,NA,NA,NA,35.30349731,-93.03610229,anonymous,EN,2,2,3,30,2,3,1,1,1,1,2,1,3,3,2,4,22,11,5,105,1,1.14,B14,0.14,TRUE,22,A19R7FSNDW6WRK,3Y7LTZE0YT30NKJQT9EI7SMLXAFZUN,30IQTZXKALOYON5OKMHF9KDRZJXX08,Included,Self,0.01,0.25,0.12,0.02,0,2,2,3,78,0.22
8/8/18 7:31,8/8/18 7:42,IP Address,69.179.186.222,100,655,TRUE,8/8/18 7:42,R_Qp4KzQIxJGiu5aN,NA,NA,NA,NA,38.99769592,-90.98459625,anonymous,EN,4,4,1,0,4,4,4,3,3,2,4,4,3,4,6,4,15,5,5,74,1,1.14,B14,0.42,TRUE,15,A3H4EAGPMBKVTJ,3CKVGCS3PGMN6MLW0A6QMS1BU6BS08,3QEMNNSB2YHY8S0REL1CUSKMRFR7DG,Excluded,Team,0.03,0.75,0.36,0.06,1,2,2,5,85,0.15
8/8/18 7:36,8/8/18 7:43,IP Address,165.219.245.62,100,387,TRUE,8/8/18 7:43,R_a8YWE6N8Nbyyr4d,NA,NA,NA,NA,43.19459534,-89.20249939,anonymous,EN,5,5,1,1,1,4,1,6,7,3,1,6,1,2,7,3,14,3,5,73,1,1.14,B14,0.42,TRUE,13,A3MPRLOQP8D3DL,3XAOZ9UYRZ8B0VR14PLL5X5KHAWQ1K,3HL8HNGX46JZKV2GKOUMWOEDYIXF9D,Excluded,Team,0.03,0.75,0.36,0.06,1,1,1,5,86,0.14
8/8/18 7:39,8/8/18 7:43,IP Address,66.190.78.91,100,269,TRUE,8/8/18 7:43,R_1NEselIhb8kRSf6,NA,NA,NA,NA,32.81509399,-97.17340088,anonymous,EN,4,4,1,5,3,1,1,1,1,1,1,1,1,1,2,2,14,5,5,7,1,1.14,B14,0.14,TRUE,11,A36W1S4Z2LSNTC,3O2Y2UIUCQBGF7NEYJG9YDX5JENKFN,3HVVDCPGTFAO41SPNKRRC9M5Y0NYTQ,Excluded,Self,0.01,0.25,0.12,0.02,1,2,2,5,86,0.14
8/8/18 7:39,8/8/18 7:48,IP Address,38.109.85.99,100,526,TRUE,8/8/18 7:48,R_2eQHhrqu10etarj,NA,NA,NA,NA,40.75799561,-73.97270203,anonymous,EN,2,2,3,28,4,3,4,3,2,4,2,3,2,3,5,4,21,11,5,121,1,1.14,B14,0.42,TRUE,21,AT09SULYH8SLW,3KL228NDMV3MT7J993MRGYXHKTNKGM,3VFJCI1K40HB2VUXPP0Q5UEJ5J4GR1,Included,Team,0.03,0.75,0.36,0.06,0,2,2,3,79,0.21
8/8/18 7:45,8/8/18 7:50,IP Address,165.189.65.63,100,321,TRUE,8/8/18 7:50,R_1ruHjJ9n3QjAkdX,NA,NA,NA,NA,43.0796051,-89.37580109,anonymous,EN,1,1,5,33,6,1,5,1,1,1,4,1,5,5,2,5,1,15,5,6,1,1,B0,0,TRUE,1,AMIX5O7BDFVAO,3KL228NDMV3MT7J993MRGYXHKTNKGM,3URFVVM1660394HJJBJKVCH9N82ZUD,Included,Self,0.01,0.25,0.12,0.02,0,1,1,5,99,0.01
8/8/18 7:48,8/8/18 7:55,IP Address,96.63.190.136,100,461,TRUE,8/8/18 7:55,R_2bP2MjVjtfsXyZ8,NA,NA,NA,NA,42.57620239,-96.33460236,anonymous,EN,5,5,1,10,4,1,3,3,3,2,4,2,2,2,5,4,13,3,5,60,1,1.14,B14,0.42,TRUE,13,A29VTPJZUONSEG,3Y7LTZE0YT30NKJQT9EI7SMLXAFZUN,320DUZ38G84U47BKHKRH33SSV2BGJA,Excluded,Team,0.03,0.75,0.36,0.06,1,1,1,5,87,0.13
8/8/18 7:52,8/8/18 7:59,IP Address,24.154.176.123,100,431,TRUE,8/8/18 7:59,R_TmRpNmN7cMO8Slj,NA,NA,NA,NA,40.91400146,-79.93199921,anonymous,EN,2,2,4,33,6,1,6,1,1,1,6,1,6,6,1,6,9,12,5,47,1,1.14,B14,0.42,TRUE,9,A2V0ADROWMC2ZM,33W1NHWFYH2LN741T4O82W0JEW8ZTW,34MAJL3QP5537DGBJYXTE7E090H430,Included,Team,0.03,0.75,0.36,0.06,0,2,2,4,91,0.09
8/8/18 7:55,8/8/18 8:02,IP Address,71.162.208.234,100,419,TRUE,8/8/18 8:02,R_3qkPKOvZjeuxckp,NA,NA,NA,NA,40.05479431,-75.40830231,anonymous,EN,3,3,2,20,2,2,1,3,4,3,1,4,2,1,5,2,14,8,5,62,1,1.14,B14,0.14,TRUE,14,ADWYXYGALCLHG,39TX062QX15RJV6SD7UWNYGACXXX3G,3HOSI13XH06EP1115Y4YUKUIDQZDDK,Included,Self,0.01,0.25,0.12,0.02,0,3,3,2,86,0.14
8/8/18 7:53,8/8/18 8:02,IP Address,73.194.63.114,100,530,TRUE,8/8/18 8:02,R_2xXduaR81cd6u3g,NA,NA,NA,NA,39.61929321,-75.03179932,anonymous,EN,5,5,1,5,2,1,1,3,3,3,1,2,2,4,2,3,33,3,5,155,1,1.14,B14,0.14,TRUE,33,AJDMNI5LT1VKR,3CKVGCS3PGMN6MLW0A6QMS1BU6BS08,354GIDR5ZCOQRXZDHAS806QGPCH00L,Excluded,Self,0.01,0.25,0.12,0.02,1,1,1,5,67,0.33
8/8/18 7:57,8/8/18 8:08,IP Address,150.231.246.1,100,634,TRUE,8/8/18 8:08,R_dg92XHPzUVDN1xn,NA,NA,NA,NA,40.26669312,-76.63809967,anonymous,EN,4,3,2,18,1,6,1,4,7,5,1,4,1,2,2,3,45,7,5,199,1,1.14,B14,0.42,TRUE,45,A254V043VANIO0,3VP28W7DUN1B42M0YKJJLSLINN0FZ4,3OB0CAO74I7YZS1UNQA2YQJHN6YYHM,Included,Team,0.03,0.75,0.36,0.06,0,4,3,2,55,0.45
8/8/18 7:59,8/8/18 8:14,IP Address,174.204.7.76,100,890,TRUE,8/8/18 8:14,R_3hFToVK80HLBrYl,NA,NA,NA,NA,38.81149292,-77.12850189,anonymous,EN,5,5,1,1,NA,NA,NA,NA,NA,NA,NA,NA,NA,NA,NA,NA,12,3,5,66,1,1.14,B14,0.14,TRUE,12,A1I2DW853I5VO2,3B6F54KMR2TNDB6EWTAQ0XKLZYHS1B,3T3IWE1XG75FVZ13WAAXZNJ3ZRCTQO,Excluded,Self,0.01,0.25,0.12,0.02,1,1,1,5,88,0.12
8/8/18 8:05,8/8/18 8:14,IP Address,73.89.161.2,100,533,TRUE,8/8/18 8:14,R_3aChA6K9l1u06Ix,NA,NA,NA,NA,42.33059692,-72.63059998,anonymous,EN,3,3,2,26,3,1,2,1,2,2,3,2,3,4,3,4,18,8,5,100,1,1.14,B14,0.42,TRUE,17,A1CLS2A8N4D5G,3DIIW4IV8PCFBW01EZZEUTL12KPI4M,3MH9DQ757XU3INMETJVVA513CIBUGM,Included,Team,0.03,0.75,0.36,0.06,0,3,3,2,82,0.18
8/8/18 8:07,8/8/18 8:14,IP Address,71.112.184.107,100,402,TRUE,8/8/18 8:14,R_yx9b3EEPGKZux7b,NA,NA,NA,NA,40.4066925,-80.1108017,anonymous,EN,5,5,1,1,6,2,5,1,2,4,4,2,5,7,2,7,13,3,5,81,1,1.14,B14,0.42,TRUE,12,A2F0X4LN9N4O4C,33W1NHWFYH2LN741T4O82W0JEW8ZTW,339ANSOTR6K3BINXPTRWPU5LP46IK6,Excluded,Team,0.03,0.75,0.36,0.06,1,1,1,5,87,0.13
8/8/18 8:12,8/8/18 8:21,IP Address,71.224.108.168,100,563,TRUE,8/8/18 8:21,R_1EbNV1x4IIU0NAK,NA,NA,NA,NA,40.31329346,-75.58580017,anonymous,EN,1,4,1,1,4,1,4,1,1,1,4,1,4,4,2,4,6,8,5,30,1,1.14,B14,0.42,TRUE,6,A3HZ8JZAJB124J,3VMHWJRYHVXMZ7MLX2VYO757FN2FX7,33CUSNVVNOUQRB9J7II2M02GR88886,Excluded,Team,0.03,0.75,0.36,0.06,1,5,2,5,94,0.06
8/8/18 8:14,8/8/18 8:23,IP Address,12.235.222.226,100,537,TRUE,8/8/18 8:23,R_1GPP9TkcfB8TyR1,NA,NA,NA,NA,32.71569824,-117.1647034,anonymous,EN,3,3,3,25,5,3,4,3,4,1,5,3,5,5,2,7,36,9,5,183,1,1.14,B14,0.14,TRUE,36,A356O3RJYQUW5M,3IWA71V4TIXQGETAW9SUU1SUMOZX6M,3XCC1ODXDMT2FKOBSL52Z8ILB6IRQC,Included,Self,0.01,0.25,0.12,0.02,0,3,3,3,64,0.36
8/8/18 8:20,8/8/18 8:29,IP Address,173.164.85.29,100,541,TRUE,8/8/18 8:29,R_3G9fH0lwmsmy38c,NA,NA,NA,NA,45.44700623,-122.7667999,anonymous,EN,5,5,1,2,2,4,2,2,5,6,2,5,1,2,7,3,27,3,5,122,1,1.14,B14,0.14,TRUE,27,A2FFRPHNH5OKPM,356ZPKYPUHYNQP1PG1D5JFQKJZJPYQ,3HRMW88U178NUB6K6FF6Y3XTSFM0M0,Excluded,Self,0.01,0.25,0.12,0.02,1,1,1,5,73,0.27
8/8/18 8:30,8/8/18 8:37,IP Address,64.132.15.66,100,433,TRUE,8/8/18 8:37,R_3JeE1vQFYXJthUN,NA,NA,NA,NA,32.92449951,-96.89379883,anonymous,EN,1,2,4,20,3,4,3,4,5,5,3,5,2,3,4,3,11,13,5,66,1,1.14,B14,0.14,TRUE,11,A11B5XALF9HFL7,3FDWKV9VCNJ0ODK7EKOOZQQCI6XUM1,379J5II41PY2FJ3TEAD6JFK8MBDEL5,Included,Self,0.01,0.25,0.12,0.02,0,1,2,4,89,0.11
8/8/18 8:41,8/8/18 8:50,IP Address,50.253.223.237,100,493,TRUE,8/8/18 8:50,R_2YhSPHwsTJlLjqH,NA,NA,NA,NA,38.11030579,-78.90730286,anonymous,EN,5,5,1,2,4,1,4,1,2,1,4,1,4,4,2,5,20,3,5,111,1,1.14,B14,0.42,TRUE,20,A1ZHX85H6OKMKK,3NRZ1LDP7WNNVFBUCNFOXMZMPTNPZH,3Z9WI9EOZ063FNCDJB9BPI46PR4HKP,Excluded,Team,0.03,0.75,0.36,0.06,1,1,1,5,80,0.2
8/8/18 8:43,8/8/18 8:50,IP Address,73.192.95.205,100,443,TRUE,8/8/18 8:50,R_2TnnVe3mvGvgOR4,NA,NA,NA,NA,30.26559448,-81.77799988,anonymous,EN,1,1,4,33,3,4,1,2,3,4,1,3,3,2,6,4,20,14,5,110,1,1.14,B14,0.42,TRUE,20,A49HPQ9P5AHU4,3FDWKV9VCNJ0ODK7EKOOZQQCI6XUM1,3C44YUNSI27NEY4RA7VTUEB7R9KPDS,Included,Team,0.03,0.75,0.36,0.06,0,1,1,4,80,0.2
8/8/18 8:49,8/8/18 8:57,IP Address,64.61.153.226,100,441,TRUE,8/8/18 8:57,R_3iCpAovYSd6O5QB,NA,NA,NA,NA,40.67599487,-73.92060089,anonymous,EN,5,5,2,5,5,2,5,1,3,1,4,2,3,4,5,4,13,4,5,77,1,1.14,B14,0.14,TRUE,13,A375QMBFYKKU9W,3NRZ1LDP7WNNVFBUCNFOXMZMPTNPZH,3A1PQ49WVIZ19MQRB13TK387GLB1HD,Excluded,Self,0.01,0.25,0.12,0.02,1,1,1,4,87,0.13
8/8/18 9:13,8/8/18 9:23,IP Address,208.184.109.3,100,583,TRUE,8/8/18 9:23,R_1ibdUoHQCy5g7Mw,NA,NA,NA,NA,41.92059326,-87.7016983,anonymous,EN,2,2,3,25,4,2,4,1,1,1,2,1,2,3,2,4,24,11,5,104,1,1.14,B14,0.14,TRUE,24,A5849R9KAWN0S,3IWA71V4TIXQGETAW9SUU1SUMOZX6M,39ZSFO5CA9ED9PCF1PGY7ITJ4BRUJR,Included,Self,0.01,0.25,0.12,0.02,0,2,2,3,76,0.24
8/8/18 9:14,8/8/18 9:23,IP Address,74.109.118.234,100,509,TRUE,8/8/18 9:23,R_2Phyb7ZmQ9waH3f,NA,NA,NA,NA,40.60620117,-75.47799683,anonymous,EN,5,5,1,3,1,4,1,6,7,4,1,5,1,1,5,NA,13,3,5,55,1,1.14,B14,0.42,TRUE,13,ANGIVLE5G16LC,3VP28W7DUN1B42M0YKJJLSLINN0FZ4,3AWETUDC93AY0DMJPUU6C9TYTEIZIA,Excluded,Team,0.03,0.75,0.36,0.06,1,1,1,5,87,0.13
8/8/18 9:19,8/8/18 9:26,IP Address,96.237.163.83,100,406,TRUE,8/8/18 9:26,R_2VfnDxftqU6uGil,NA,NA,NA,NA,41.87339783,-70.63939667,anonymous,EN,2,1,4,29,4,1,2,1,1,1,1,1,2,2,1,4,13,13,5,53,1,1.14,B14,0.14,TRUE,10,A1KQGF9L042R9I,3JMQI2OLFZMKPTUL4QDZ25BO1WCNDK,3ZPBJO59KQJV1H63RUNOL59G5JWHD3,Included,Self,0.01,0.25,0.12,0.02,0,2,1,4,87,0.13
8/8/18 9:22,8/8/18 9:33,IP Address,172.58.136.217,100,673,TRUE,8/8/18 9:33,R_1pVXrzYYitFMsV9,NA,NA,NA,NA,41.77420044,-87.71530151,anonymous,EN,1,1,3,25,3,2,4,2,1,2,4,1,3,NA,NA,NA,15,13,5,75,1,1.14,B14,0.42,TRUE,15,A1WNHCROZ9LIST,3DIIW4IV8PCFBW01EZZEUTL12KPI4M,36ZN444YTSGM198CNLJPWBMU9AKIOW,Included,Team,0.03,0.75,0.36,0.06,0,1,1,3,85,0.15
8/8/18 9:33,8/8/18 9:38,IP Address,97.78.71.190,100,303,TRUE,8/8/18 9:38,R_W0P36g5Hjt7EUzT,NA,NA,NA,NA,39.78509521,-86.16649628,anonymous,EN,5,5,1,5,4,1,3,2,3,1,4,1,3,3,5,3,10,3,5,57,1,1.14,B14,0.14,TRUE,10,A2C3BDD9N8Q7LT,3IHWR4LC7DUGUXN3Q2PRB51646LI8T,3DEL4X4EL73VLI19SUSO1C7BBXUYXU,Excluded,Self,0.01,0.25,0.12,0.02,1,1,1,5,90,0.1
8/8/18 9:31,8/8/18 9:39,IP Address,68.2.177.206,100,492,TRUE,8/8/18 9:39,R_2t540eQVeUDzHK6,NA,NA,NA,NA,33.32330322,-111.8244019,anonymous,EN,4,4,1,1,6,1,7,1,1,1,7,1,6,6,1,7,13,5,5,58,1,1.14,B14,0.42,TRUE,13,AY8FL0CKWJLVZ,3VP28W7DUN1B42M0YKJJLSLINN0FZ4,3WZ36BJEV4YSRTZEDSD74YO4DSOBT9,Excluded,Team,0.03,0.75,0.36,0.06,1,2,2,5,87,0.13
8/8/18 9:36,8/8/18 9:44,IP Address,72.214.91.133,100,462,TRUE,8/8/18 9:44,R_2bJjO3ujIbFRfCh,NA,NA,NA,NA,36.85299683,-76.28820038,anonymous,EN,2,1,4,30,4,1,3,1,1,1,2,1,4,NA,NA,NA,4,13,5,21,1,1.12,B12,0.36,TRUE,4,A2CKHFWF9BKIYZ,3RKHNXPHGWD5YPK4T8B8KDY8T12UKW,3X65QVEQI15NILJFIJ7BTRK5104CLG,Included,Team,0.03,0.75,0.36,0.06,0,2,1,4,96,0.04
8/8/18 9:45,8/8/18 9:48,IP Address,169.204.229.34,100,221,TRUE,8/8/18 9:48,R_1N4dnGiBKMS14D2,NA,NA,NA,NA,47.20829773,-122.3731003,anonymous,EN,2,1,3,30,4,2,4,1,3,1,3,2,4,4,4,5,4,12,5,21,1,1.12,B12,0.12,TRUE,4,A2LH24MZKYTF1G,3B6F54KMR2TNDB6EWTAQ0XKLZYHS1B,3YMU66OBIOQYD1GUTKOWRQCDIBOGHO,Included,Self,0.01,0.25,0.12,0.02,0,2,1,3,96,0.04
8/8/18 9:48,8/8/18 9:54,IP Address,209.117.144.38,100,381,TRUE,8/8/18 9:54,R_dbacXilimaEK0Fz,NA,NA,NA,NA,39.84359741,-105.376503,anonymous,EN,4,4,3,10,4,3,4,1,1,1,3,2,2,4,2,4,18,7,5,105,1,1.14,B14,0.14,TRUE,17,A1S6CU9J3IFVRF,3B6F54KMR2TNDB6EWTAQ0XKLZYHS1B,36TFCYNS45S9ZNBKIUO0FCC8L1KXHX,Excluded,Self,0.01,0.25,0.12,0.02,1,2,2,3,82,0.18
8/8/18 10:01,8/8/18 10:05,IP Address,173.220.166.58,100,244,TRUE,8/8/18 10:05,R_SYKXrzYIZHhWNqN,NA,NA,NA,NA,40.88589478,-74.04679871,anonymous,EN,5,5,1,1,4,4,4,4,4,3,3,4,2,4,6,4,4,3,5,21,1,1.12,B12,0.36,TRUE,4,A22RR2Q0OC1JQ0,3FDWKV9VCNJ0ODK7EKOOZQQCI6XUM1,317HQ483I8A4JO80M6JCHMMPJ0UINW,Excluded,Team,0.03,0.75,0.36,0.06,1,1,1,5,96,0.04
8/8/18 10:04,8/8/18 10:10,IP Address,176.115.178.38,100,384,TRUE,8/8/18 10:10,R_3oZNQCCLVI9D0Sf,NA,NA,NA,NA,42.98579407,-77.4280014,anonymous,EN,2,1,3,20,5,1,5,1,1,1,6,1,4,6,1,4,9,12,5,48,1,1.14,B14,0.14,TRUE,8,A3NWKQDSK4YNWN,3KL228NDMV3MT7J993MRGYXHKTNKGM,3ND9UOO81LKWWJPKZA7C5LR8TGTLW5,Included,Self,0.01,0.25,0.12,0.02,0,2,1,3,91,0.09
8/8/18 10:04,8/8/18 10:11,IP Address,73.99.90.200,100,386,TRUE,8/8/18 10:11,R_xo7sidAeXyItMWZ,NA,NA,NA,NA,37.9539032,-78.35839844,anonymous,EN,1,1,3,5,7,1,7,1,1,1,4,1,4,4,2,6,18,13,5,78,1,1.14,B14,0.42,TRUE,17,ATH85W0ZSEAMT,3UAU495MII9OOG5JR031RUFHD6CUOG,3PWWM24LHTGF5W7UR191C9PD59028J,Excluded,Team,0.03,0.75,0.36,0.06,1,5,5,3,82,0.18
8/8/18 10:36,8/8/18 10:40,IP Address,96.83.188.150,100,232,TRUE,8/8/18 10:40,R_sYA8mT5XhS1BANb,NA,NA,NA,NA,40.33560181,-79.55069733,anonymous,EN,4,3,2,20,4,1,4,1,1,1,4,1,4,4,1,4,4,7,5,21,1,1.12,B12,0.36,TRUE,4,AJITIN95JSBAR,3RKHNXPHGWD5YPK4T8B8KDY8T12UKW,308Q0PEVB9VJUM46LW07ZLR5ECOI9A,Included,Team,0.03,0.75,0.36,0.06,0,4,3,2,96,0.04
8/8/18 10:50,8/8/18 10:57,IP Address,24.45.155.43,100,436,TRUE,8/8/18 10:57,R_3dYTaTAecxNFrLs,NA,NA,NA,NA,40.76989746,-72.99939728,anonymous,EN,5,5,1,0,1,7,1,7,7,7,1,7,1,1,4,1,22,3,5,106,1,1.14,B14,0.14,TRUE,22,AYHNP14AUA4TS,3O2Y2UIUCQBGF7NEYJG9YDX5JENKFN,3MRNMEIQW6OXNDPTIF2MDX2NM11DL4,Excluded,Self,0.01,0.25,0.12,0.02,1,1,1,5,78,0.22
8/8/18 11:03,8/8/18 11:09,IP Address,96.42.140.118,100,384,TRUE,8/8/18 11:09,R_21gIrhDhqX2k36z,NA,NA,NA,NA,42.30050659,-85.59020233,anonymous,EN,1,1,4,29,3,1,3,1,1,1,2,1,2,4,2,3,16,14,5,75,1,1.14,B14,0.14,TRUE,16,A3LSJIDK2AO2MB,3XAOZ9UYRZ8B0VR14PLL5X5KHAWQ1K,31Q0U3WYDQX4GXKFYSHHTQJD2KV17V,Included,Self,0.01,0.25,0.12,0.02,0,1,1,4,84,0.16
8/8/18 11:12,8/8/18 11:25,IP Address,158.222.169.71,100,739,TRUE,8/8/18 11:25,R_2f25VP5f28IIUfr,NA,NA,NA,NA,40.62339783,-74.02880096,anonymous,EN,1,1,5,30,6,1,6,1,1,1,6,1,5,4,NA,NA,30,15,5,120,1,1.14,B14,0.42,TRUE,30,A2ZBJWQ9ZZHYYI,39RRBHZ0AUI00Z8QYZON3EO4BHOZVC,3AMYWKA6YC468PDBLKA0Z8WP0KMO67,Included,Team,0.03,0.75,0.36,0.06,0,1,1,5,70,0.3
8/8/18 11:30,8/8/18 11:38,IP Address,67.98.222.32,100,458,TRUE,8/8/18 11:38,R_3J8YOnkPUmE454Y,NA,NA,NA,NA,32.77870178,-96.82170105,anonymous,EN,5,5,1,3,1,1,1,5,5,3,2,4,1,1,7,3,32,3,5,176,1,1.14,B14,0.42,TRUE,32,A5WY02WF02V49,3B6F54KMR2TNDB6EWTAQ0XKLZYHS1B,34BBWHLWHBTU6IHEE7AZD5ZGCDKIWB,Excluded,Team,0.03,0.75,0.36,0.06,1,1,1,5,68,0.32
8/8/18 12:01,8/8/18 12:08,IP Address,66.203.234.206,100,415,TRUE,8/8/18 12:08,R_3R9n1vtpcKkCpGO,NA,NA,NA,NA,31.26170349,-85.41419983,anonymous,EN,5,5,1,1,1,1,1,1,2,2,1,2,1,1,1,1,7,3,5,8,1,1.02,B2,0.02,TRUE,3,A2JS1NTUZ5ETRP,3XAOZ9UYRZ8B0VR14PLL5X5KHAWQ1K,3RSDURM96B4MFIASXP2WDNM4VSJYEN,Excluded,Self,0.01,0.25,0.12,0.02,1,1,1,5,93,0.07
8/8/18 13:14,8/8/18 13:22,IP Address,24.110.49.136,100,453,TRUE,8/8/18 13:22,R_7TWTES5J4XzfSff,NA,NA,NA,NA,28.5493927,-81.77290344,anonymous,EN,5,5,1,1,5,1,5,1,1,1,6,1,5,5,4,5,15,3,5,60,1,1.14,B14,0.42,TRUE,14,ARNX6JWMYEOAP,3IWA71V4TIXQGETAW9SUU1SUMOZX6M,3LRLIPTPERRO504ZD5ZJ8WH2CZWAKV,Excluded,Team,0.03,0.75,0.36,0.06,1,1,1,5,85,0.15
8/8/18 13:36,8/8/18 13:40,IP Address,108.202.170.162,100,254,TRUE,8/8/18 13:40,R_2QrhbMq7NbZeoLE,NA,NA,NA,NA,37.29989624,-93.30840302,anonymous,EN,2,2,4,30,4,1,6,1,1,1,6,1,6,7,3,5,4,12,5,21,1,1.12,B12,0.12,TRUE,4,A34QG5IA5TQ5CX,3YO4AH2FPD1BT66J86HLRSMACIQQ0H,3DH6GAKTYZ7KQD1OTCG9YXNMJZGYZJ,Included,Self,0.01,0.25,0.12,0.02,0,2,2,4,96,0.04
8/8/18 13:35,8/8/18 13:40,IP Address,71.191.137.252,100,299,TRUE,8/8/18 13:40,R_b72oIZ2USeVe5mp,NA,NA,NA,NA,39.04559326,-77.38529968,anonymous,EN,5,5,1,1,1,7,1,4,7,7,1,7,1,1,4,1,1,3,5,6,1,1,B0,0,TRUE,1,A1QX6AXRT6T94R,3UAU495MII9OOG5JR031RUFHD6CUOG,3GA6AFUKOP6XJP46Y5HC8WN4E84H36,Excluded,Team,0.03,0.75,0.36,0.06,1,1,1,5,99,0.01
8/8/18 13:35,8/8/18 13:42,IP Address,66.109.131.193,100,401,TRUE,8/8/18 13:42,R_r6FQ5HSaUJ8te4V,NA,NA,NA,NA,46.51719666,-112.1211014,anonymous,EN,2,2,4,50,5,1,6,1,1,1,4,1,7,4,1,7,15,12,5,79,1,1.14,B14,0.42,TRUE,14,A27GL2P3W3DCWV,3VP28W7DUN1B42M0YKJJLSLINN0FZ4,3GM6G9ZBKOFOAK3B4H3GIEZYPTGTM8,Included,Team,0.03,0.75,0.36,0.06,0,2,2,4,85,0.15
8/8/18 13:38,8/8/18 13:44,IP Address,216.69.46.42,100,369,TRUE,8/8/18 13:44,R_1C1PWRH0v2mcRVK,NA,NA,NA,NA,37.99690247,-84.74659729,anonymous,EN,1,2,4,30,5,2,6,1,1,1,5,1,4,5,1,5,10,13,5,55,1,1.14,B14,0.14,TRUE,10,A1WPAJXO9G3B0F,3UAU495MII9OOG5JR031RUFHD6CUOG,3SKEMFQBZ4NAMCBKG7F5C5B7MB18KU,Included,Self,0.01,0.25,0.12,0.02,0,1,2,4,90,0.1
8/8/18 13:36,8/8/18 13:45,IP Address,172.15.90.100,100,564,TRUE,8/8/18 13:45,R_0iXPImMdFBb6jXH,NA,NA,NA,NA,42.64959717,-88.29850006,anonymous,EN,5,5,1,1,2,1,1,3,4,1,1,1,1,1,6,5,32,3,5,162,1,1.14,B14,0.14,TRUE,31,A3E4I2AYEZGYT5,3GVPRXWRPHBCUJIKGXXLX55BTMFI76,3EG49X351VUT2YR3MBXWILNICPQ6XV,Excluded,Self,0.01,0.25,0.12,0.02,1,1,1,5,68,0.32
8/8/18 13:36,8/8/18 13:46,IP Address,198.85.197.231,100,563,TRUE,8/8/18 13:46,R_1oheMk4juBpWikE,NA,NA,NA,NA,34.87690735,-79.66760254,anonymous,EN,2,2,4,30,7,1,6,1,1,1,6,4,3,7,5,3,28,12,5,152,1,1.14,B14,0.14,TRUE,28,A26TIEOQGU8BED,3B6F54KMR2TNDB6EWTAQ0XKLZYHS1B,3GNCZX450J5PGR1FQX4R4D31696PAF,Included,Self,0.01,0.25,0.12,0.02,0,2,2,4,72,0.28
8/8/18 13:41,8/8/18 13:47,IP Address,70.15.90.76,100,325,TRUE,8/8/18 13:47,R_1jm1GfwGCAEOtvf,NA,NA,NA,NA,41.20289612,-75.90270233,anonymous,EN,4,4,1,5,1,4,1,4,5,2,1,4,1,1,3,2,5,5,5,30,1,1.14,B14,0.42,TRUE,5,A1945USNZHTROX,3JMQI2OLFZMKPTUL4QDZ25BO1WCNDK,358UUM7WR0LS92JWWMWWZH1Q6JQ7R0,Excluded,Team,0.03,0.75,0.36,0.06,1,2,2,5,95,0.05
8/8/18 13:38,8/8/18 13:47,IP Address,172.112.206.174,100,518,TRUE,8/8/18 13:47,R_2b18UriV7Aakfbl,NA,NA,NA,NA,33.71099854,-118.0438004,anonymous,EN,2,2,3,20,4,2,4,2,2,2,4,2,4,5,3,5,25,11,5,120,1,1.14,B14,0.42,TRUE,25,AMDX0UNZS4A1G,3P458N04Q1Y2YDA997GR4OBI6JXX25,3WETL7AQWUQL3WKBX3G3JZKE9ZE35C,Included,Team,0.03,0.75,0.36,0.06,0,2,2,3,75,0.25
8/8/18 13:38,8/8/18 13:48,IP Address,24.129.43.76,100,638,TRUE,8/8/18 13:48,R_3qW4CkF1kVNfYfw,NA,NA,NA,NA,30.25579834,-82.12999725,anonymous,EN,5,5,1,0,1,2,1,3,3,2,1,3,1,1,7,1,43,3,5,205,1,1.14,B14,0.14,TRUE,43,A3KRC9LVRB1SMP,3CKVGCS3PGMN6MLW0A6QMS1BU6BS08,3DIP6YHAPDA70CJAKL42EAY22E58EA,Excluded,Self,0.01,0.25,0.12,0.02,1,1,1,5,57,0.43
8/8/18 13:48,8/8/18 13:55,IP Address,216.158.244.122,100,421,TRUE,8/8/18 13:55,R_3h5RcASa2yTG6ht,NA,NA,NA,NA,36.41459656,-105.5222015,anonymous,EN,3,3,3,25,4,1,1,1,1,1,1,1,1,4,4,4,15,9,5,80,1,1.14,B14,0.14,TRUE,15,A2DAZ0CJ3VKS80,3VMHWJRYHVXMZ7MLX2VYO757FN2FX7,3PMBY0YE28LSHJI6TM4LOITA18CC9C,Included,Self,0.01,0.25,0.12,0.02,0,3,3,3,85,0.15
8/8/18 13:53,8/8/18 13:59,IP Address,73.156.34.188,100,330,TRUE,8/8/18 13:59,R_2QojWWrUTVJmOzs,NA,NA,NA,NA,26.48669434,-81.86209869,anonymous,EN,3,2,4,33,5,2,4,2,3,2,3,1,5,4,2,4,3,11,5,14,1,1.12,B12,0.36,TRUE,3,A3N8JP3QR3VPE8,3XT3KXP24ZFTQJ4FXNSTRR5FYBVI67,3IHR8NYAM8JAE2LYHWU0RAH1EZEP48,Included,Team,0.03,0.75,0.36,0.06,0,3,2,4,97,0.03
8/8/18 13:51,8/8/18 13:59,IP Address,68.39.211.102,100,476,TRUE,8/8/18 13:59,R_xbUDfTa2IIBc4sp,NA,NA,NA,NA,40.43980408,-86.08930206,anonymous,EN,5,5,5,3,1,5,NA,NA,NA,NA,NA,NA,NA,NA,NA,NA,5,7,5,30,1,1.14,B14,0.42,TRUE,5,AGUF6B4Q9991D,3QD8LUVX4XFUXATWRQIP2VEUQTOX56,3H0W84IWBLKDIHY6JUA25RT7S6SRE4,Excluded,Team,0.03,0.75,0.36,0.06,1,1,1,1,95,0.05
8/8/18 13:56,8/8/18 14:03,IP Address,149.166.76.133,100,409,TRUE,8/8/18 14:03,R_3KxCl4EF89zhARY,NA,NA,NA,NA,39.89500427,-86.18039703,anonymous,EN,5,5,2,0,2,4,2,3,3,3,2,3,2,1,1,2,24,4,5,110,1,1.14,B14,0.14,TRUE,24,A2IRFAXQI96P3,3JMQI2OLFZMKPTUL4QDZ25BO1WCNDK,3TMFV4NEP9W1HC515LY80G529IEW8I,Excluded,Self,0.01,0.25,0.12,0.02,1,1,1,4,76,0.24
8/8/18 13:58,8/8/18 14:07,IP Address,45.50.9.109,100,526,TRUE,8/8/18 14:07,R_D7sSp1U164LAK9H,NA,NA,NA,NA,33.94140625,-117.9555054,anonymous,EN,5,5,1,0,1,1,1,1,3,1,1,1,1,1,5,3,29,3,5,134,1,1.12,B12,0.36,TRUE,28,A1IIFA2HZR0I97,3P458N04Q1Y2YDA997GR4OBI6JXX25,3IAS3U3I0GYY7U51UDTB3BFEDH5B2F,Excluded,Team,0.03,0.75,0.36,0.06,1,1,1,5,71,0.29
8/8/18 13:57,8/8/18 14:09,IP Address,68.39.124.75,100,701,TRUE,8/8/18 14:09,R_2VHKuSoWwORS8Cf,NA,NA,NA,NA,39.76119995,-86.55220032,anonymous,EN,1,1,5,20,5,3,5,1,1,1,5,1,5,5,1,4,43,15,5,217,1,1.14,B14,0.14,TRUE,43,A3NRQD72B04Z6M,3VP28W7DUN1B42M0YKJJLSLINN0FZ4,3B4YI393VAEQTF31ZEUCKI2IFZPSSZ,Included,Self,0.01,0.25,0.12,0.02,0,1,1,5,57,0.43
8/8/18 14:01,8/8/18 14:10,IP Address,42.99.164.60,100,493,TRUE,8/8/18 14:10,R_2QFcTC1hFto8nqL,NA,NA,NA,NA,35,105,anonymous,EN,2,2,4,20,5,1,5,1,1,1,4,1,6,6,2,5,12,12,5,74,1,1.14,B14,0.42,TRUE,12,A3QTHVKKUIZDZ3,3IWA71V4TIXQGETAW9SUU1SUMOZX6M,3VAR3R6G1QJTC3WZEZ7YJMSG6GH8OK,Included,Team,0.03,0.75,0.36,0.06,0,2,2,4,88,0.12
8/8/18 13:58,8/8/18 14:12,IP Address,173.49.205.123,100,851,TRUE,8/8/18 14:12,R_3ml4P2mNpn66QpU,NA,NA,NA,NA,40.0375061,-75.145401,anonymous,EN,5,5,1,1,NA,NA,NA,NA,NA,NA,NA,NA,NA,NA,NA,NA,35,3,5,172,1,1.12,B12,0.12,TRUE,33,A39E9936894TJR,3NRZ1LDP7WNNVFBUCNFOXMZMPTNPZH,3A0EX8ZRN96O8FY8NY06CFGJSWZYBI,Excluded,Self,0.01,0.25,0.12,0.02,1,1,1,5,65,0.35
8/8/18 14:21,8/8/18 14:27,IP Address,69.180.69.11,100,332,TRUE,8/8/18 14:27,R_1H2g92nm9BvjQTc,NA,NA,NA,NA,30.30430603,-81.73059845,anonymous,EN,2,2,2,25,4,4,4,2,2,3,4,3,3,1,5,4,13,10,5,49,1,1.14,B14,0.42,TRUE,11,A13KB82N4UMWJZ,366FYU4PTG6O9TNI38W3GVC57D8KE5,35H6S234SBIK0F7TG5E1Q2WYJQJ56N,Included,Team,0.03,0.75,0.36,0.06,0,2,2,2,87,0.13
8/8/18 14:08,8/8/18 14:27,IP Address,71.176.70.85,100,1147,TRUE,8/8/18 14:27,R_3jeQjQzEylKfezj,NA,NA,NA,NA,43.02999878,-76.12419891,anonymous,EN,2,3,2,2,1,1,1,2,3,1,3,1,2,2,4,4,27,9,5,147,1,1.14,B14,0.14,TRUE,26,A2D9E07Q323OGG,356ZPKYPUHYNQP1PG1D5JFQKJZJPYQ,3TGOYF991Y4MN5N9DOKCEK2ULTXUUZ,Included,Self,0.01,0.25,0.12,0.02,0,2,3,2,73,0.27
8/8/18 14:23,8/8/18 14:28,IP Address,172.72.65.112,100,271,TRUE,8/8/18 14:28,R_1PRaldaNINXwOC1,NA,NA,NA,NA,35.4197998,-80.67479706,anonymous,EN,5,5,1,10,2,1,1,3,2,1,1,1,1,1,7,1,8,3,5,51,1,1.14,B14,0.14,TRUE,8,A2CAR48G9X397V,3CKVGCS3PGMN6MLW0A6QMS1BU6BS08,3DY4FPOOA26UKSKSEKZC5VHTS17RVM,Excluded,Self,0.01,0.25,0.12,0.02,1,1,1,5,92,0.08
8/8/18 14:20,8/8/18 14:28,IP Address,72.193.94.183,100,474,TRUE,8/8/18 14:28,R_ub8uarF1L6s9HnH,NA,NA,NA,NA,36.10409546,-115.0242004,anonymous,EN,5,5,1,2,1,1,1,1,2,1,1,2,1,2,4,3,17,3,5,66,1,1.12,B12,0.12,TRUE,16,A2QF8NUVGZY90J,3DIIW4IV8PCFBW01EZZEUTL12KPI4M,30LB5CDZNDSNTI53L45065T27MD0ZW,Excluded,Self,0.01,0.25,0.12,0.02,1,1,1,5,83,0.17
8/8/18 14:20,8/8/18 14:28,IP Address,155.100.47.5,100,476,TRUE,8/8/18 14:28,R_sL0onpX8zvStwDn,NA,NA,NA,NA,40.75610352,-111.8836975,anonymous,EN,5,5,3,5,4,4,3,1,2,3,2,2,2,2,5,5,26,5,5,106,1,1.14,B14,0.42,TRUE,26,A20DNFJMLACH5Q,3YO4AH2FPD1BT66J86HLRSMACIQQ0H,3I7DHKZYGOIGJ804HYH5K89BCPU5FY,Excluded,Team,0.03,0.75,0.36,0.06,1,1,1,3,74,0.26
8/8/18 14:23,8/8/18 14:33,IP Address,75.133.60.118,100,596,TRUE,8/8/18 14:33,R_1PcqqTJyTp9zADk,NA,NA,NA,NA,42.48249817,-85.5786972,anonymous,EN,1,1,4,20,5,2,4,2,2,2,4,1,3,3,1,4,11,14,5,49,1,1.14,B14,0.14,TRUE,11,A2BXQ8SZLFQF4D,3NRZ1LDP7WNNVFBUCNFOXMZMPTNPZH,30LSNF239VD8U2J70NLSPYJR87VI21,Included,Self,0.01,0.25,0.12,0.02,0,1,1,4,89,0.11
8/8/18 14:25,8/8/18 14:33,IP Address,97.120.10.178,100,503,TRUE,8/8/18 14:33,R_1mzw1QyYzZMemPU,NA,NA,NA,NA,27.96679688,-80.509597780000007,anonymous,EN,5,5,1,5,2,1,1,2,3,2,1,2,1,1,5,3,26,3,5,125,1,1.14,B14,0.42,TRUE,26,A7PM1BXVQLZKX,3P458N04Q1Y2YDA997GR4OBI6JXX25,33LKR6A5KF2REVHMBVKIYMBVRIXT1C,Excluded,Team,0.03,0.75,0.36,0.06,1,1,1,5,74,0.26
8/8/18 14:33,8/8/18 14:46,IP Address,104.178.219.164,100,750,TRUE,8/8/18 14:46,R_271G4jBCuhi4Me5,NA,NA,NA,NA,34.05220032,-118.2436981,anonymous,EN,1,1,3,30,5,1,5,1,1,1,3,1,4,4,1,4,47,13,5,216,1,1.14,B14,0.42,TRUE,47,A260H6K8LOO9UH,3JMQI2OLFZMKPTUL4QDZ25BO1WCNDK,3JMSRU9HQJC5BOFNSEFC6OIADCKEVZ,Included,Team,0.03,0.75,0.36,0.06,0,1,1,3,53,0.47
8/8/18 14:36,8/8/18 14:51,IP Address,67.197.66.205,100,866,TRUE,8/8/18 14:51,R_3F3jZcjhnoID8mB,NA,NA,NA,NA,34.88890076,-81.0236969,anonymous,EN,3,4,2,20,4,1,3,1,1,1,2,1,2,4,2,4,35,7,5,157,1,1.14,B14,0.42,TRUE,35,A2YHOJLEZR8663,3Y7LTZE0YT30NKJQT9EI7SMLXAFZUN,3OUYGIZWR8GTFE3XYV7YF7ROXNA0PF,Included,Team,0.03,0.75,0.36,0.06,0,3,4,2,65,0.35
8/8/18 14:47,8/8/18 14:53,IP Address,24.204.61.83,100,371,TRUE,8/8/18 14:53,R_1Ol3YzYCFbdn1fS,NA,NA,NA,NA,32.58320618,-94.71479797,anonymous,EN,5,5,1,33,1,1,1,3,3,2,1,4,1,1,3,2,14,3,5,82,1,1.14,B14,0.14,TRUE,11,A22IIMLQ7K4B3M,3D42WVSDH8CBZCCV2YH07LCGHTWFYD,3LQ8PUHQFMAC9SMPJ8OZC2PTXQJIHP,Excluded,Self,0.01,0.25,0.12,0.02,1,1,1,5,86,0.14
8/8/18 14:47,8/8/18 14:54,IP Address,172.9.46.252,100,418,TRUE,8/8/18 14:54,R_2tnwFnJvutz5KZv,NA,NA,NA,NA,38.54949951,-90.37960052,anonymous,EN,5,5,1,0,1,1,1,1,5,1,4,2,4,2,4,4,9,3,5,46,1,1.14,B14,0.14,TRUE,8,A147I0K984NT1E,3B6F54KMR2TNDB6EWTAQ0XKLZYHS1B,336YQZE83WWMPISL3LLIFYTK9QCM5S,Excluded,Self,0.01,0.25,0.12,0.02,1,1,1,5,91,0.09
8/8/18 14:50,8/8/18 14:59,IP Address,99.179.52.7,100,549,TRUE,8/8/18 14:59,R_sTYStMmsEnavLwt,NA,NA,NA,NA,38.58169556,-90.29499817,anonymous,EN,3,3,1,20,2,4,1,2,3,3,1,2,1,1,1,1,23,7,5,134,1,1.14,B14,0.42,TRUE,23,A31FZDIPS5ZMEJ,3UAU495MII9OOG5JR031RUFHD6CUOG,3HMVI3QICKANVHGGL17H633A6KMY1D,Included,Team,0.03,0.75,0.36,0.06,0,3,3,1,77,0.23
8/8/18 15:02,8/8/18 15:14,IP Address,72.49.39.222,100,726,TRUE,8/8/18 15:14,R_1k21mSZ1rGuib2l,NA,NA,NA,NA,39.42849731,-84.6486969,anonymous,EN,4,4,2,5,4,2,3,2,3,1,3,2,2,3,5,3,54,6,5,254,1,1.14,B14,0.14,TRUE,53,A39FCR701KYVNQ,3FDWKV9VCNJ0ODK7EKOOZQQCI6XUM1,3IXEICO7931MLHIJH1WZTI2CZTNT6K,Excluded,Self,0.01,0.25,0.12,0.02,1,2,2,4,46,0.54
8/8/18 15:23,8/8/18 15:32,IP Address,75.130.202.21,100,535,TRUE,8/8/18 15:32,R_1gj86qfBce9W30D,NA,NA,NA,NA,35.58999634,-82.55809784,anonymous,EN,1,1,4,30,5,2,5,1,2,2,3,3,4,4,5,4,22,14,5,119,1,1.14,B14,0.42,TRUE,22,A2MX5HD70QC681,3CKVGCS3PGMN6MLW0A6QMS1BU6BS08,3HYA4D452S1OKBHHZFF7M16ZSGJF2P,Included,Team,0.03,0.75,0.36,0.06,0,1,1,4,78,0.22
8/8/18 15:24,8/8/18 15:32,IP Address,98.248.79.1,100,439,TRUE,8/8/18 15:32,R_VIhWMFY9sCaMlK9,NA,NA,NA,NA,37.91369629,-122.0117035,anonymous,EN,5,5,1,0,2,6,2,6,7,4,1,5,2,1,3,1,8,3,5,52,1,1.14,B14,0.14,TRUE,8,A3UWEYAG833SDA,3Y7LTZE0YT30NKJQT9EI7SMLXAFZUN,3H8DHMCCWATM377BXFQLYXP8X3QDKZ,Excluded,Self,0.01,0.25,0.12,0.02,1,1,1,5,92,0.08
8/8/18 15:32,8/8/18 15:46,IP Address,68.188.161.174,100,876,TRUE,8/8/18 15:46,R_2xVKFoj1L0XhkIO,NA,NA,NA,NA,43.04429626,-83.51920319,anonymous,EN,1,1,5,30,6,1,6,1,1,1,5,1,6,5,1,5,51,15,5,239,1,1.14,B14,0.42,TRUE,51,A2S0RH9LOO5G2F,3D42WVSDH8CBZCCV2YH07LCGHTWFYD,3X3OR7WPZ0IL6IT217R6R5OMBC18LU,Included,Team,0.03,0.75,0.36,0.06,0,1,1,5,49,0.51
8/8/18 16:06,8/8/18 16:10,IP Address,173.174.116.107,100,228,TRUE,8/8/18 16:10,R_22FEsJ5x4tqnrtd,NA,NA,NA,NA,30.38400269,-97.70729828,anonymous,EN,5,5,1,1,2,1,2,4,4,2,1,4,1,2,3,2,4,3,5,21,1,1.12,B12,0.12,TRUE,4,A3JYD008VKTSVZ,39RRBHZ0AUI00Z8QYZON3EO4BHOZVC,3UWN2HHPUZNTD2BWRIDQLOSCS1LSNT,Excluded,Self,0.01,0.25,0.12,0.02,1,1,1,5,96,0.04
8/8/18 17:26,8/8/18 17:34,IP Address,72.179.166.253,100,502,TRUE,8/8/18 17:34,R_qFawVdAgDdzl76F,NA,NA,NA,NA,29.64030457,-98.57700348,anonymous,EN,3,2,3,18,4,1,4,1,1,1,2,1,3,5,2,6,27,10,5,114,1,1.14,B14,0.42,TRUE,27,AQMR7KXKZ7V4Z,3RKHNXPHGWD5YPK4T8B8KDY8T12UKW,38BQUHLA9XI8XSY380HHO4TBQNPMO9,Included,Team,0.03,0.75,0.36,0.06,0,3,2,3,73,0.27
8/8/18 17:46,8/8/18 17:52,IP Address,108.56.161.163,100,369,TRUE,8/8/18 17:52,R_2TMClh3YiPGoGdL,NA,NA,NA,NA,38.74620056,-77.49030304,anonymous,EN,1,1,5,30,7,1,7,1,1,1,7,1,7,4,1,2,13,15,5,63,1,1.14,B14,0.42,TRUE,12,A2G4I94ODONKSY,3NRZ1LDP7WNNVFBUCNFOXMZMPTNPZH,3LS2AMNW5G8ZI7WV0TOY5DDG0ORQO5,Included,Team,0.03,0.75,0.36,0.06,0,1,1,5,87,0.13
8/8/18 17:53,8/8/18 18:00,IP Address,75.91.178.57,100,421,TRUE,8/8/18 18:00,R_2y1nu1URzZ2N9sQ,NA,NA,NA,NA,41.03359985,-92.84500122,anonymous,EN,5,5,1,0,4,1,3,1,1,1,1,1,2,4,4,5,4,3,5,21,1,1.12,B12,0.12,TRUE,4,ACPPFTEDFO6Q7,366FYU4PTG6O9TNI38W3GVC57D8KE5,3IOEN3P9S81LCX6AFICPNCJH7C9160,Excluded,Self,0.01,0.25,0.12,0.02,1,1,1,5,96,0.04
8/8/18 18:23,8/8/18 18:32,IP Address,162.230.86.4,100,562,TRUE,8/8/18 18:32,R_RLFdqnxuo0S2TxT,NA,NA,NA,NA,41.44889832,-81.63189697,anonymous,EN,5,3,1,70,6,2,6,2,2,3,6,2,6,6,2,6,19,5,5,106,1,1.14,B14,0.42,TRUE,19,A1BP6VXNXUA0Q6,3CKVGCS3PGMN6MLW0A6QMS1BU6BS08,3Q5ZZ9ZEVPX74TQH9KBZAGSPPNG85N,Included,Team,0.03,0.75,0.36,0.06,0,5,3,1,81,0.19
8/8/18 18:24,8/8/18 18:33,IP Address,172.74.220.98,100,569,TRUE,8/8/18 18:33,R_2Qh4RN2Uf8YPAIv,NA,NA,NA,NA,33.61740112,-80.21070099,anonymous,EN,5,5,1,1,2,3,1,3,2,1,4,3,1,3,3,4,21,3,5,116,1,1.14,B14,0.14,TRUE,21,A34UGZMQWTFICZ,356ZPKYPUHYNQP1PG1D5JFQKJZJPYQ,3S06PH7KSSMKX6LPP5K3TIT9OY81D4,Excluded,Self,0.01,0.25,0.12,0.02,1,1,1,5,79,0.21
8/8/18 18:35,8/8/18 18:44,IP Address,174.111.251.243,100,556,TRUE,8/8/18 18:44,R_1myIDnILP0YQWWk,NA,NA,NA,NA,35.73820496,-79.76899719,anonymous,EN,5,5,1,1,2,1,1,2,2,2,1,2,1,3,3,3,23,3,5,100,1,1.14,B14,0.42,TRUE,23,A2KYK4S275LZO6,39TX062QX15RJV6SD7UWNYGACXXX3G,3PS7W85Z80K930KHF8ZBDSTEPWM9T6,Excluded,Team,0.03,0.75,0.36,0.06,1,1,1,5,77,0.23
8/8/18 19:16,8/8/18 19:25,IP Address,162.222.119.207,100,585,TRUE,8/8/18 19:25,R_2UcqcJnqQlFm5Yp,NA,NA,NA,NA,46.91529846,-102.8366013,anonymous,EN,2,2,3,20,4,1,2,1,1,1,2,1,NA,NA,NA,NA,20,11,5,105,1,1.14,B14,0.14,TRUE,20,A1EYUJEXGOT2LQ,3KL228NDMV3MT7J993MRGYXHKTNKGM,345LHZDEDYA2OBAQY4OBRBCU8JZ3US,Included,Self,0.01,0.25,0.12,0.02,0,2,2,3,80,0.2
8/8/18 19:42,8/8/18 19:54,IP Address,63.229.223.59,100,752,TRUE,8/8/18 19:54,R_1jkLU8uR6NRqw6J,NA,NA,NA,NA,46.42889404,-93.88310242,anonymous,EN,3,1,4,28,6,1,6,1,2,1,6,1,5,NA,NA,NA,28,12,5,119,1,1.14,B14,0.42,TRUE,28,A17XAIW2RJZ2CV,3NRZ1LDP7WNNVFBUCNFOXMZMPTNPZH,3X87C8JFV7TEGZOO7A57PINHXE4SQG,Included,Team,0.03,0.75,0.36,0.06,0,3,1,4,72,0.28
8/8/18 19:57,8/8/18 20:03,IP Address,216.201.64.2,100,381,TRUE,8/8/18 20:03,R_3hFQhnNaMEdQKE2,NA,NA,NA,NA,43.27789307,-112.5626984,anonymous,EN,3,3,2,15,4,1,3,1,1,1,3,1,4,5,7,5,12,8,5,61,1,1.14,B14,0.14,TRUE,12,AWHCA5PZ6MTKB,3JMQI2OLFZMKPTUL4QDZ25BO1WCNDK,3U84XHCDIDV4S6N445S2I8JFO1QZ4E,Included,Self,0.01,0.25,0.12,0.02,0,3,3,2,88,0.12
8/8/18 19:59,8/8/18 20:08,IP Address,108.183.178.81,100,580,TRUE,8/8/18 20:08,R_0W17RMdFf1AfWeJ,NA,NA,NA,NA,44.56159973,-69.55590057,anonymous,EN,3,3,3,30,4,2,3,1,1,1,3,2,2,2,3,2,29,9,5,150,1,1.14,B14,0.42,TRUE,29,A59VBWN2OQJYE,3UAU495MII9OOG5JR031RUFHD6CUOG,3R6P78PK7LTOIA7PTE5L59F1TADTGF,Included,Team,0.03,0.75,0.36,0.06,0,3,3,3,71,0.29
8/8/18 19:58,8/8/18 20:10,IP Address,75.60.94.179,100,710,TRUE,8/8/18 20:10,R_oZcm1nQot0DLagx,NA,NA,NA,NA,33.2230072,-117.1069031,anonymous,EN,5,5,1,1,4,2,4,4,5,1,1,4,2,4,3,3,33,3,5,152,1,1.14,B14,0.14,TRUE,33,A12R87TCERIZ4D,3P458N04Q1Y2YDA997GR4OBI6JXX25,3WZ36BJEV4YSRTZEDSD74YO4DXMBTH,Excluded,Self,0.01,0.25,0.12,0.02,1,1,1,5,67,0.33
8/8/18 20:21,8/8/18 20:28,IP Address,173.89.78.18,100,394,TRUE,8/8/18 20:28,R_ref8Kfkh1ukhBNT,NA,NA,NA,NA,41.14819336,-81.47360229,anonymous,EN,2,2,3,25,4,1,3,1,1,1,2,1,3,2,1,4,15,11,5,79,1,1.14,B14,0.42,TRUE,13,A3V8863KF3SK4A,3Y7LTZE0YT30NKJQT9EI7SMLXAFZUN,3L2IS5HSFB09SF30GN8Q0PA0D0BNUD,Included,Team,0.03,0.75,0.36,0.06,0,2,2,3,85,0.15
8/8/18 20:21,8/8/18 20:30,IP Address,174.56.169.116,100,533,TRUE,8/8/18 20:30,R_3jchqJQPKPEMAH8,NA,NA,NA,NA,31.99710083,-80.96450043,anonymous,EN,5,5,1,0,4,5,3,3,3,3,NA,4,2,2,7,2,24,3,5,106,1,1.14,B14,0.14,TRUE,24,A12QNQGMMAQVQA,3XT3KXP24ZFTQJ4FXNSTRR5FYBVI67,3UN61F00HX7DMY5D8THZ1XNUFG75R1,Excluded,Self,0.01,0.25,0.12,0.02,1,1,1,5,76,0.24
8/8/18 20:23,8/8/18 20:33,IP Address,99.203.20.138,100,613,TRUE,8/8/18 20:33,R_1eIZwqAOMBS8Ymg,NA,NA,NA,NA,35.186203,-80.74790192,anonymous,EN,5,5,1,5,6,4,4,2,2,2,4,2,4,5,5,5,23,3,5,127,1,1.14,B14,0.14,TRUE,23,AWIPMIAD5U5MP,3GVPRXWRPHBCUJIKGXXLX55BTMFI76,3IHR8NYAM8JAE2LYHWU0RAH1E2OP4O,Excluded,Self,0.01,0.25,0.12,0.02,1,1,1,5,77,0.23
8/8/18 20:29,8/8/18 20:37,IP Address,71.71.72.137,100,462,TRUE,8/8/18 20:37,R_2OJdtX82HbpKv8G,NA,NA,NA,NA,36.11720276,-80.07649994,anonymous,EN,5,5,1,1,4,4,3,3,6,2,3,4,2,2,7,4,15,3,5,66,1,1.12,B12,0.36,TRUE,14,A33MZKHNG58K58,3B6F54KMR2TNDB6EWTAQ0XKLZYHS1B,3CPLWGV3MPHB8NFXICDZ4TNM0F39NA,Excluded,Team,0.03,0.75,0.36,0.06,1,1,1,5,85,0.15
8/8/18 20:35,8/8/18 20:51,IP Address,209.176.15.253,100,985,TRUE,8/8/18 20:51,R_3CIosUZzEXuVKW9,NA,NA,NA,NA,40.83929443,-73.27970123,anonymous,EN,2,2,4,25,4,2,5,1,1,1,5,1,5,5,1,7,93,12,5,408,1,1.14,B14,0.14,TRUE,92,A2R6JWOX2T8F6Z,3VP28W7DUN1B42M0YKJJLSLINN0FZ4,3HMVI3QICKANVHGGL17H633A6NJY1G,Included,Self,0.01,0.25,0.12,0.02,0,2,2,4,7,0.93
8/8/18 20:54,8/8/18 20:59,IP Address,108.251.111.153,100,319,TRUE,8/8/18 20:59,R_tDp0lxD5h6m2Zxv,NA,NA,NA,NA,37.63929749,-122.0442047,anonymous,EN,2,2,3,25,4,3,4,3,3,2,3,2,3,2,2,3,14,11,5,75,1,1.14,B14,0.14,TRUE,13,A28O14EZHBC2U6,3O2Y2UIUCQBGF7NEYJG9YDX5JENKFN,3ZPBJO59KQJV1H63RUNOL59G5ODHDU,Excluded,Self,0.01,0.25,0.12,0.02,1,4,4,3,86,0.14
8/8/18 20:42,8/8/18 21:01,IP Address,99.40.60.157,100,1172,TRUE,8/8/18 21:01,R_3MzmSx8SzZkDZQf,NA,NA,NA,NA,40.10090637,-83.01409912,anonymous,EN,4,4,2,5,6,2,5,1,1,1,5,1,5,5,1,5,49,6,5,210,1,1.14,B14,0.42,TRUE,49,A20U19B2BCX77Y,356ZPKYPUHYNQP1PG1D5JFQKJZJPYQ,3KB8R4ZV1FPOMOD8TSE05F9FN3MBGG,Excluded,Team,0.03,0.75,0.36,0.06,1,2,2,4,51,0.49
8/8/18 21:03,8/8/18 21:13,IP Address,24.118.185.45,100,611,TRUE,8/8/18 21:13,R_2zMy4BjBOGxwN5a,NA,NA,NA,NA,44.77990723,-93.2736969,anonymous,EN,3,3,3,0,4,6,2,2,6,2,2,2,2,2,6,4,25,9,5,106,1,1.14,B14,0.42,TRUE,25,A14D9PSNENZCDT,3P458N04Q1Y2YDA997GR4OBI6JXX25,33JKGHPFYDCQF7YR7LH49FT60EGNMT,Included,Team,0.03,0.75,0.36,0.06,0,3,3,3,75,0.25
8/8/18 21:09,8/8/18 21:18,IP Address,74.129.128.152,100,545,TRUE,8/8/18 21:18,R_2YYEaAutGzhDsCr,NA,NA,NA,NA,37.92070007,-84.41770172,anonymous,EN,3,3,2,25,5,2,5,1,1,1,4,1,4,3,2,6,16,8,5,83,1,1.14,B14,0.42,TRUE,16,A1BR4BW8VFDA5C,3RKHNXPHGWD5YPK4T8B8KDY8T12UKW,3TS1AR6UQRWV6CEN5RW2ISN73YZF73,Included,Team,0.03,0.75,0.36,0.06,0,3,3,2,84,0.16
8/8/18 21:38,8/8/18 21:44,IP Address,96.249.230.160,100,403,TRUE,8/8/18 21:44,R_3PBRjzinD6jyKS5,NA,NA,NA,NA,37.06269836,-76.40519714,anonymous,EN,5,5,1,0,6,1,6,1,1,1,6,1,6,7,3,6,11,3,5,69,1,1.14,B14,0.14,TRUE,11,AJFB5KQLNYW03,3FDWKV9VCNJ0ODK7EKOOZQQCI6XUM1,34T446B1C1WALPUTTQLSV7SHY8AC00,Excluded,Self,0.01,0.25,0.12,0.02,1,1,1,5,89,0.11
8/9/18 0:49,8/9/18 0:54,IP Address,98.148.240.230,100,326,TRUE,8/9/18 0:54,R_3kBctLwcmxzI8xq,NA,NA,NA,NA,34.03900146,-117.7547989,anonymous,EN,5,5,1,1,1,3,1,2,3,3,1,5,1,1,5,1,11,3,5,63,1,1.14,B14,0.14,TRUE,11,A1OC9TAY4UAPW0,3CKVGCS3PGMN6MLW0A6QMS1BU6BS08,39KFRKBFIOD8R9NHR35SIZGIZZPYO1,Excluded,Self,0.01,0.25,0.12,0.02,1,1,1,5,89,0.11
8/9/18 5:08,8/9/18 5:20,IP Address,107.77.223.226,100,731,TRUE,8/9/18 5:20,R_Xz8efe4zVoMhko9,NA,NA,NA,NA,40.69810486,-73.95709991,anonymous,EN,4,3,1,20,4,1,1,2,2,1,3,3,1,3,4,4,52,6,5,226,1,1.14,B14,0.42,TRUE,52,A1HSGWFVXK2MYZ,3QD8LUVX4XFUXATWRQIP2VEUQTOX56,3MHW492WW1V3NC709C3VJWNJMJQMVL,Included,Team,0.03,0.75,0.36,0.06,0,4,3,1,48,0.52
8/9/18 6:33,8/9/18 6:37,IP Address,146.189.165.252,100,284,TRUE,8/9/18 6:38,R_3260VTAYK20wcXy,NA,NA,NA,NA,42.36480713,-71.89689636,anonymous,EN,5,5,1,2,5,1,2,1,4,1,3,2,1,4,6,7,11,3,5,46,1,1.14,B14,0.42,TRUE,11,A1SQBU3MZKB312,35A1YQPVFEXX7F41S4IOZLRF2GKI5R,3SKEMFQBZ4NAMCBKG7F5C5B7MG28K5,Excluded,Team,0.03,0.75,0.36,0.06,1,1,1,5,89,0.11
8/9/18 6:35,8/9/18 6:39,IP Address,68.202.175.23,100,234,TRUE,8/9/18 6:39,R_3f6nSpqqGT7iQ0h,NA,NA,NA,NA,29.02000427,-82.19020081,anonymous,EN,5,5,1,10,4,1,2,1,2,1,3,1,2,3,3,3,4,3,5,21,1,1.12,B12,0.12,TRUE,4,A3SQUOKCOG3F9Z,3IHWR4LC7DUGUXN3Q2PRB51646LI8T,3WS1NTTKEZUHO1E3KSBT3DDKVM9F0N,Excluded,Self,0.01,0.25,0.12,0.02,1,1,1,5,96,0.04
8/9/18 6:39,8/9/18 6:47,IP Address,75.165.64.143,100,473,TRUE,8/9/18 6:47,R_1eFDK2djzrdPl7F,NA,NA,NA,NA,40.17070007,-77.41739655,anonymous,EN,2,2,4,30,6,1,6,1,1,1,6,1,6,6,1,6,23,12,5,100,1,1.14,B14,0.14,TRUE,23,AZ46J3BUZUY9F,366FYU4PTG6O9TNI38W3GVC57D8KE5,3DHE4R9OCXTUYBDCAZLP4M6BTZU2GU,Included,Self,0.01,0.25,0.12,0.02,0,2,2,4,77,0.23
8/9/18 6:51,8/9/18 6:59,IP Address,12.19.225.242,100,462,TRUE,8/9/18 6:59,R_33DC4lu3ReHJ8vr,NA,NA,NA,NA,42.88299561,-78.86239624,anonymous,EN,5,5,1,5,2,1,2,3,3,2,2,2,1,1,5,NA,8,3,5,42,1,1.14,B14,0.42,TRUE,8,A3HYFPVKKARLRJ,3XT3KXP24ZFTQJ4FXNSTRR5FYBVI67,3LOZAJ85YEV5KX82Z9LTS866WPQX2H,Excluded,Team,0.03,0.75,0.36,0.06,1,1,1,5,92,0.08
8/9/18 7:11,8/9/18 7:19,IP Address,71.41.254.82,100,457,TRUE,8/9/18 7:19,R_Qb1oyC05knE6ZmF,NA,NA,NA,NA,26.2454071,-97.68360138,anonymous,EN,3,3,3,25,6,1,5,1,2,1,6,1,6,7,1,7,12,9,5,50,1,1.14,B14,0.42,TRUE,12,A3IO0P00ZPK6Y2,3IWA71V4TIXQGETAW9SUU1SUMOZX6M,3ZQIG0FLQFYZSO1EDE9ISUPAKLFVWW,Included,Team,0.03,0.75,0.36,0.06,0,3,3,3,88,0.12
8/9/18 7:44,8/9/18 7:53,IP Address,98.190.241.161,100,553,TRUE,8/9/18 7:53,R_3GBonSSTmtAlBWi,NA,NA,NA,NA,37.24380493,-76.72750092,anonymous,EN,2,2,4,20,5,1,5,1,1,1,5,1,5,5,3,5,47,12,5,202,1,1.14,B14,0.14,TRUE,47,A4U1KQ8ACWIAG,39TX062QX15RJV6SD7UWNYGACXXX3G,3PEIJLRY6UBRWD69DTA0GFMV0WQWX3,Included,Self,0.01,0.25,0.12,0.02,0,2,2,4,53,0.47
8/9/18 7:50,8/9/18 7:58,IP Address,98.30.49.118,100,465,TRUE,8/9/18 7:58,R_1eqotdaxE3lsifo,NA,NA,NA,NA,41.02209473,-83.67890167,anonymous,EN,5,5,1,5,1,7,1,7,7,7,1,7,1,1,7,1,15,3,5,81,1,1.14,B14,0.42,TRUE,15,A1IPD4WBT3A5GG,3RKHNXPHGWD5YPK4T8B8KDY8T12UKW,3180JW2OT5UWOAM00O8QZ6135195J9,Excluded,Team,0.03,0.75,0.36,0.06,1,1,1,5,85,0.15
8/9/18 8:38,8/9/18 8:46,IP Address,71.12.220.244,100,465,TRUE,8/9/18 8:46,R_6u6CFz4mLg5xZqp,NA,NA,NA,NA,35.76660156,-81.33550262,anonymous,EN,2,2,3,15,5,2,5,1,2,2,4,2,4,5,2,6,13,11,5,62,1,1.14,B14,0.14,TRUE,13,A2EJ06OGI9671Q,3UAU495MII9OOG5JR031RUFHD6CUOG,3K4J6M3CXFBJ3E8GNEE4A4P95NZGAS,Included,Self,0.01,0.25,0.12,0.02,0,2,2,3,87,0.13
8/9/18 9:02,8/9/18 9:10,IP Address,12.159.81.5,100,478,TRUE,8/9/18 9:10,R_2dEXHaaG17YeFU8,NA,NA,NA,NA,43.44410706,-84.02549744,anonymous,EN,4,4,3,1,4,2,4,1,2,1,1,2,1,4,5,4,17,7,5,71,1,1.14,B14,0.14,TRUE,17,A5OJ7FHDAEHR9,3W3RSPVVGS8GIV2ME8N9ZDBNI17ULZ,34YB12FSQZ6K5FH5KH49JVK9Z4SGMG,Excluded,Self,0.01,0.25,0.12,0.02,1,2,2,3,83,0.17
8/9/18 9:30,8/9/18 9:37,IP Address,69.204.112.227,100,436,TRUE,8/9/18 9:37,R_1EiIGBJfkFN7bt7,NA,NA,NA,NA,42.87919617,-78.81459808,anonymous,EN,4,4,2,20,2,4,2,5,5,6,2,4,3,2,4,3,12,6,5,67,1,1.14,B14,0.42,TRUE,12,AVVEF5VNS45GH,35A1YQPVFEXX7F41S4IOZLRF2GKI5R,3TVRFO09GLXBLJUA9F3Y745F2Q2XLT,Included,Team,0.03,0.75,0.36,0.06,0,4,4,2,88,0.12
8/9/18 9:31,8/9/18 9:40,IP Address,50.204.98.202,100,585,TRUE,8/9/18 9:40,R_12GePF1zpDuM5nM,NA,NA,NA,NA,36.24119568,-86.7845993,anonymous,EN,5,5,1,10,2,2,1,1,3,1,2,2,1,3,2,2,19,3,5,95,1,1.14,B14,0.14,TRUE,19,AD8MTB9V5VC9R,3IHWR4LC7DUGUXN3Q2PRB51646LI8T,3XIQGXAUMDQC6Y585L2OOZNE76Y7XV,Excluded,Self,0.01,0.25,0.12,0.02,1,1,1,5,81,0.19
8/9/18 9:43,8/9/18 9:51,IP Address,128.48.218.25,100,459,TRUE,8/9/18 9:51,R_XAExNFSzdOnbgv7,NA,NA,NA,NA,37.81129456,-122.3007965,anonymous,EN,5,5,1,2,3,4,3,6,6,5,3,5,2,2,4,3,14,3,5,66,1,1.14,B14,0.42,TRUE,14,AF8KFRYCCBR4I,3NRZ1LDP7WNNVFBUCNFOXMZMPTNPZH,3Z3ZLGNNSJCAWI39HV46HAF551R3QR,Excluded,Team,0.03,0.75,0.36,0.06,1,1,1,5,86,0.14
8/9/18 9:51,8/9/18 10:00,IP Address,98.172.83.110,100,497,TRUE,8/9/18 10:00,R_urmvfzPlWS0DD7b,NA,NA,NA,NA,33.59129333,-112.107399,anonymous,EN,2,2,5,33,6,1,6,1,1,1,6,1,6,6,1,6,12,13,5,53,1,1.14,B14,0.14,TRUE,12,AURN53G3WP6IV,33W1NHWFYH2LN741T4O82W0JEW8ZTW,32AT8R96GMR68SV5OJPCZJK602XSUE,Included,Self,0.01,0.25,0.12,0.02,0,2,2,5,88,0.12
8/9/18 10:02,8/9/18 10:13,IP Address,219.92.136.167,100,665,TRUE,8/9/18 10:13,R_8BTxjg8hg9ooFHP,NA,NA,NA,NA,5.334396362,100.4672852,anonymous,EN,5,5,1,10,2,1,1,2,4,1,1,3,1,1,3,2,44,3,5,206,1,1.14,B14,0.42,TRUE,44,A1295RHU5X5GTX,33W1NHWFYH2LN741T4O82W0JEW8ZTW,3N1FSUEFL6I1P5I8CN35RG0C0M14DB,Excluded,Team,0.03,0.75,0.36,0.06,1,1,1,5,56,0.44
8/9/18 10:51,8/9/18 10:59,IP Address,24.127.89.135,100,468,TRUE,8/9/18 10:59,R_7Wcdoliy70mexG1,NA,NA,NA,NA,43.17720032,-86.27320099,anonymous,EN,2,2,4,27,6,2,6,1,2,1,6,1,6,6,1,7,12,12,5,75,1,1.14,B14,0.14,TRUE,12,A1IMU6GWPN1Y9D,3IHWR4LC7DUGUXN3Q2PRB51646LI8T,3TUI152ZZC5EMFPUURQNTH087HO1Q8,Included,Self,0.01,0.25,0.12,0.02,0,2,2,4,88,0.12
8/9/18 11:00,8/9/18 11:14,IP Address,99.105.111.203,100,848,TRUE,8/9/18 11:14,R_2zvkjTs302p2UKN,NA,NA,NA,NA,33.86689758,-118.3311996,anonymous,EN,2,2,3,30,6,1,NA,NA,NA,NA,NA,NA,NA,NA,NA,NA,18,11,5,100,1,1.14,B14,0.42,TRUE,18,A1FU5C6US2L0J0,3QD8LUVX4XFUXATWRQIP2VEUQTOX56,3Z7VU45IPZZN07QLHN90KACCCKAZ11,Included,Team,0.03,0.75,0.36,0.06,0,2,2,3,82,0.18
8/9/18 12:19,8/9/18 12:31,IP Address,74.242.170.128,100,688,TRUE,8/9/18 12:31,R_oZ6mclru9jP45m9,NA,NA,NA,NA,34.80329895,-89.98950195,anonymous,EN,5,5,1,1,2,2,1,1,3,1,1,2,1,2,1,4,12,3,5,46,1,1.14,B14,0.42,TRUE,12,AJE2GXXF7UMBN,3NRZ1LDP7WNNVFBUCNFOXMZMPTNPZH,3DEL4X4EL73VLI19SUSO1C7BB5VXYA,Excluded,Team,0.03,0.75,0.36,0.06,1,1,1,5,88,0.12
